flag,cst_unn_id,bas_inf,act,zx
1,39188642,31,12,10
1,37376232,50,28,25
1,37266081,10,12,5
1,32843491,10,12,-30
1,39558579,10,-10,-60
1,30631466,13,22,105
1,30384209,20,12,-20
1,40857892,10,15,-50
1,34618931,10,0,-55
1,41747604,15,-3,-60
1,30875384,13,12,20
1,36496836,17,5,-40
1,40897433,22,10,-95
1,43697898,10,-3,-70
1,35783433,10,-3,-45
1,37471025,10,-15,-55
1,41351609,18,7,30
1,32964514,15,15,25
1,36165459,10,5,-70
1,36262694,18,-5,-50
1,34583598,10,12,50
1,40902251,10,-3,-10
1,80016732,15,7,-80
1,39244424,5,2,-30
1,35558044,5,-5,10
1,32931034,17,7,-40
1,35091727,13,7,90
1,34568456,10,-8,-60
1,30689997,15,5,-25
1,35867118,1,7,35
1,36989320,10,7,45
1,35975707,0,0,-105
1,37825040,8,17,85
1,33884462,10,12,-30
1,32586436,15,7,75
1,31828588,8,7,75
1,36163451,15,7,5
1,42184266,10,8,-80
1,37861721,17,7,5
1,36848110,15,30,50
1,37633252,6,-3,70
1,40862434,6,10,10
1,42083049,12,7,-25
1,42179729,5,7,-65
1,41575850,15,15,40
1,43483940,1,15,-25
1,40765248,15,-3,-85
1,34381804,13,2,-20
1,32965050,13,2,50
1,33909137,10,12,15
1,32250120,3,22,80
1,36687771,13,12,110
1,30430408,8,17,110
1,38421859,15,10,25
1,40278547,10,-10,0
1,43587861,13,13,-45
1,37162895,8,7,-75
1,37268300,40,12,65
1,30912707,15,22,80
1,39168520,35,7,20
1,41155833,8,-3,-50
1,37943544,15,10,-20
1,35014934,10,22,120
1,40629420,15,0,15
1,43779546,11,-20,-110
1,35962320,12,12,40
1,30478392,10,22,95
1,32940574,15,17,75
1,39163871,10,18,-75
1,38956124,40,7,50
1,37683706,10,7,100
1,34547043,12,15,-55
1,40897577,10,-3,-60
1,35447028,15,22,120
1,35926942,12,8,-10
1,37870311,10,10,95
1,32914696,8,17,120
1,34017058,15,30,45
1,36385282,10,17,65
1,42301483,24,5,20
1,43957948,10,18,-65
1,38882998,-12,12,90
1,32935568,15,20,45
1,40591473,15,-5,-30
1,33962958,10,15,10
1,39111507,12,17,-10
1,30094383,15,30,10
1,35970043,15,10,-25
1,34160793,13,0,-75
1,39163043,10,10,25
1,41006355,42,12,-25
1,39129370,20,0,-5
1,30511454,15,7,80
1,42190252,1,15,-75
1,34037043,15,-3,-25
1,39085749,10,17,20
1,34755058,8,7,115
1,43114893,7,10,-35
1,34567547,11,0,-15
1,40406290,15,7,65
1,39163407,10,10,-45
1,36864209,22,-2,-40
1,30814375,11,15,25
1,39252614,35,23,-85
1,39453224,40,7,30
1,37629686,15,7,65
1,35187011,10,-5,-20
1,42234744,10,0,-75
1,43822533,5,15,-20
1,36343417,13,7,80
1,43616098,18,-5,-15
1,35741130,13,-3,110
1,38699756,5,25,20
1,43750494,37,7,30
1,41090284,15,-15,-25
1,36549843,16,12,60
1,37852057,8,12,15
1,39344985,19,15,-25
1,30878451,8,22,80
1,43040746,1,18,-65
1,37839396,5,10,30
1,35834131,-5,10,-15
1,31476830,17,2,80
1,38551905,7,22,-70
1,33396619,18,17,30
1,41226579,20,23,-20
1,34076289,10,2,-75
1,38977602,6,10,-70
1,37273688,35,15,-40
1,33992613,12,7,40
1,40720426,17,-3,-75
1,43046776,10,7,-70
1,34336492,10,22,85
1,36129942,18,7,0
1,33645363,10,7,25
1,37424387,7,17,55
1,36858840,2,7,30
1,36002149,13,17,120
1,30828441,10,22,80
1,33085750,12,15,-80
1,34450073,10,15,55
1,42424769,8,-10,5
1,39074320,1,20,55
1,39162232,20,0,-100
1,43898216,10,-3,70
1,35794206,20,7,-25
1,37897490,10,-3,55
1,35491803,15,25,75
1,37855309,13,18,15
1,37305994,10,10,25
1,35060143,10,17,100
1,43775578,5,-10,60
1,36813707,10,18,-40
1,41102140,15,5,-65
1,33824511,8,7,20
1,40769757,15,23,-75
1,37665017,6,0,0
1,32959443,25,22,-30
1,43944141,0,0,-25
1,37248317,5,10,-50
1,36014976,8,12,50
1,40497120,6,-20,-10
1,36544242,10,5,-20
1,33786599,15,-10,-45
1,36296979,13,2,110
1,30254715,10,2,-45
1,32517211,5,12,90
1,36645712,10,10,-40
1,36361534,10,10,-50
1,40787539,10,7,10
1,35523691,10,2,45
1,35892173,5,17,90
1,40860615,1,5,-60
1,37267932,10,5,65
1,30538781,15,12,5
1,40471274,15,15,-20
1,37916102,15,7,75
1,41384983,15,13,-95
1,34848949,15,2,45
1,35349177,15,-3,5
1,30176675,13,22,100
1,30388634,25,20,65
1,37792061,6,5,20
1,34546764,10,15,70
1,40533761,1,12,55
1,32063780,0,27,120
1,38617297,10,5,10
1,35727957,10,-3,80
1,36500896,13,-3,50
1,35789438,17,23,-100
1,32844099,13,5,20
1,32844099,13,5,20
1,36720073,10,8,60
1,34173010,10,-5,-50
1,35532379,8,3,65
1,42325261,10,20,5
1,36916819,23,20,0
1,30884377,8,12,105
1,32933620,10,10,40
1,32933620,10,10,40
1,32159643,10,0,-15
1,39176083,25,10,-15
1,31723061,15,22,40
1,37820848,10,17,35
1,40888438,10,0,-10
1,33481760,8,12,115
1,33413334,15,10,40
1,39600127,11,12,30
1,35412931,8,-3,-15
1,33557022,10,22,85
1,30856161,10,7,-65
1,42024235,15,-8,10
1,36143019,8,22,80
1,32326511,10,7,-40
1,39239204,15,15,-50
1,39239204,15,15,-50
1,37643524,10,15,-55
1,38841957,10,10,-75
1,35055409,10,10,100
1,39052729,10,20,30
1,34706345,7,0,70
1,37000983,10,-8,10
1,32895911,23,5,15
1,35296911,5,12,115
1,37850334,15,10,-65
1,41097099,15,-3,20
1,39220643,6,22,20
1,36089889,20,7,15
1,43805845,15,3,-70
1,32967567,12,25,-100
1,39395451,18,12,-65
1,35579138,10,25,50
1,32657598,13,22,80
1,32657598,13,22,80
1,34003733,10,20,0
1,33561555,13,27,60
1,34261897,10,25,45
1,37023323,10,20,-55
1,36921337,15,15,20
1,41090525,10,0,-55
1,38597159,1,13,-10
1,43788198,5,13,-70
1,36686567,6,15,35
1,38699427,20,15,-35
1,43837512,5,15,-15
1,43765444,15,20,45
1,33570188,8,3,-80
1,40603041,26,12,-5
1,38699452,6,18,-25
1,35648605,7,25,50
1,38891407,10,8,20
1,34315393,17,12,-100
1,36376471,25,25,70
1,37865900,5,-3,-30
1,42211299,8,30,70
1,37165349,0,3,-45
1,34282524,20,12,80
1,33599257,10,-3,75
1,37086165,6,10,-45
1,32183817,15,7,100
1,35928930,5,2,75
1,37849054,8,-3,5
1,38917091,-9,2,5
1,34220921,10,30,25
1,36879658,10,12,5
1,34088100,10,2,-15
1,35727299,10,-3,65
1,32939761,10,22,100
1,39288907,35,15,-80
1,32594860,-2,17,110
1,33744479,8,17,110
1,36667581,10,-15,-10
1,37631927,6,2,0
1,32844969,10,20,55
1,34398603,0,20,35
1,43817883,10,-10,-45
1,35847597,15,25,30
1,40654040,8,5,-35
1,37591166,8,-3,-40
1,34571446,20,25,15
1,34486073,8,10,35
1,37361633,12,-10,-25
1,37008789,11,10,40
1,37245740,6,18,25
1,41404658,1,-20,-5
1,36503428,16,10,40
1,35920400,10,13,15
1,32283213,23,15,-55
1,32940510,8,7,110
1,33580455,8,22,115
1,37831022,12,12,105
1,43834100,7,10,-85
1,37232686,22,0,-5
1,40468626,30,5,55
1,31128873,10,-3,5
1,34038743,0,0,-5
1,32893263,10,-3,85
1,37478629,13,12,120
1,40729032,15,-5,-40
1,38109726,5,-15,-20
1,30669672,12,7,55
1,43707092,10,0,-65
1,39132466,12,10,-65
1,43709733,10,10,-70
1,37660370,30,22,65
1,34201512,10,7,95
1,34123717,10,0,40
1,39264473,17,17,-85
1,33695907,41,17,90
1,35848242,3,10,25
1,33688853,10,7,80
1,36094181,0,-5,-50
1,35572330,5,15,-70
1,32369219,25,7,0
1,38479166,7,7,10
1,33970475,5,15,-70
1,35166009,10,10,90
1,35618717,20,22,120
1,34340679,15,17,90
1,35802910,10,-3,20
1,38952322,13,25,50
1,36334629,15,10,105
1,32939581,9,-3,5
1,31571724,8,22,75
1,36524358,10,7,25
1,34355125,8,25,35
1,34222203,17,30,-15
1,35696439,1,5,40
1,33743340,8,10,10
1,34270585,8,7,85
1,39580447,10,7,-35
1,35540929,10,0,-40
1,34121990,-3,0,40
1,36384474,8,10,-15
1,38398123,6,22,-15
1,37227531,8,22,25
1,37148945,15,5,-75
1,39269496,15,10,-10
1,37965757,1,22,120
1,33827009,15,12,30
1,34655071,10,12,80
1,34256239,20,-3,85
1,35929201,12,10,-50
1,34024518,10,28,-90
1,30702695,10,27,110
1,30887446,5,7,40
1,31976336,0,-3,80
1,42035470,15,12,60
1,40437825,15,-3,-10
1,40460020,10,22,80
1,37845243,15,7,30
1,33623482,15,22,-60
1,30620998,20,15,35
1,37827211,33,15,-45
1,38979154,10,2,85
1,39099016,10,5,110
1,38551763,15,10,30
1,35635419,10,7,15
1,36260406,7,-5,-15
1,40939183,12,12,-95
1,34989946,12,12,105
1,39557988,6,-3,110
1,32010673,20,2,35
1,35836547,10,25,-65
1,37270743,0,-10,-75
1,37343774,20,7,110
1,41426306,15,8,-115
1,42128813,15,10,-40
1,40092106,12,25,5
1,38587397,15,12,-10
1,43761214,3,15,-40
1,39494945,12,13,-65
1,40914283,5,17,95
1,31975396,20,-10,-70
1,41522619,15,25,-35
1,41203479,5,5,-50
1,43761258,10,23,-15
1,34318095,33,12,35
1,35186893,12,7,-5
1,37722118,41,15,-35
1,35773097,0,-3,105
1,34004139,10,7,10
1,35090786,25,3,-35
1,36096951,13,5,30
1,35709777,10,20,20
1,39438368,35,0,-95
1,35930043,15,7,0
1,41613028,6,20,-5
1,40952818,13,-10,-35
1,39221524,25,15,10
1,38952429,15,0,10
1,36679002,8,15,20
1,37625796,10,12,90
1,36397780,10,17,85
1,43139328,10,0,-30
1,39682490,25,23,-25
1,30722925,17,5,-60
1,34356195,15,-3,-110
1,42050660,6,2,100
1,37747688,20,5,20
1,43151864,5,0,-5
1,32894067,8,7,35
1,30836597,10,2,120
1,43775748,5,-10,30
1,33610511,15,5,-75
1,37417307,5,10,5
1,40175288,15,2,20
1,36094175,10,13,-5
1,36094013,10,17,-20
1,35974627,15,12,120
1,35782117,10,12,5
1,36350917,15,7,-5
1,37639420,10,12,100
1,35844703,10,10,-65
1,37838906,10,-8,-35
1,35583721,20,-8,35
1,32942017,13,-10,-45
1,33527231,10,2,80
1,38427675,10,23,-85
1,30299453,8,12,35
1,39048659,50,10,-75
1,37824904,13,2,115
1,39323131,10,12,100
1,33435595,13,2,70
1,37402577,13,12,115
1,35304791,15,15,40
1,35463366,15,15,-50
1,38597192,10,10,65
1,41237863,13,3,-5
1,40885649,8,2,35
1,32964999,20,10,-25
1,37022906,5,3,-75
1,34205531,10,17,0
1,30225456,10,12,115
1,35811357,10,17,70
1,42252808,5,-10,-65
1,39419138,40,12,55
1,34816819,20,0,-50
1,41323336,10,10,35
1,35021798,17,20,30
1,32936130,10,10,-70
1,41505749,1,10,-30
1,37058662,10,5,-10
1,36928692,8,22,40
1,37373594,12,5,-10
1,34263631,7,0,10
1,36561246,15,20,30
1,36145338,20,5,-15
1,34350012,10,12,85
1,35891299,6,12,15
1,36345008,38,7,80
1,31575282,10,12,115
1,33956313,10,5,-70
1,37415854,15,15,-95
1,32894177,10,12,95
1,30749422,8,10,40
1,31585872,10,12,90
1,38107505,10,15,50
1,34678312,20,3,-35
1,33706618,41,2,95
1,40660781,40,10,20
1,36926178,28,5,-10
1,41274624,12,10,0
1,34401002,20,17,50
1,43956641,10,10,5
1,33404415,-5,5,35
1,40529255,10,20,-40
1,37862510,8,22,105
1,39138114,10,7,40
1,40960517,8,3,10
1,39661834,20,-5,40
1,36922726,5,2,-30
1,36720107,10,10,85
1,35296816,10,-3,120
1,38816104,12,7,-65
1,31583458,-3,12,115
1,32399306,8,17,105
1,32512249,17,2,-10
1,30606216,10,12,55
1,41097925,40,15,-50
1,38976265,15,-5,-65
1,41230496,40,20,-5
1,39567501,10,-3,-15
1,32915397,10,7,30
1,43670522,10,-3,-25
1,31420153,28,28,-80
1,32968191,25,0,-80
1,39537102,20,7,-50
1,34351053,18,20,-10
1,37077936,40,-3,-90
1,32126315,10,2,-20
1,41223613,15,-3,85
1,36542406,45,20,-85
1,40927491,15,12,110
1,37354028,40,0,-60
1,35274295,10,-3,-30
1,35935372,8,12,15
1,35293403,8,15,80
1,37609929,15,2,70
1,31564208,8,15,-50
1,34438487,30,7,0
1,30431899,10,-8,15
1,35115456,10,12,60
1,36947298,15,7,35
1,30886955,15,7,15
1,30886955,15,7,15
1,38560725,1,0,5
1,36376772,10,10,105
1,30492307,38,0,-80
1,36169860,10,7,-30
1,35834899,10,12,-65
1,40953063,8,7,40
1,33650219,8,12,80
1,34001056,15,12,110
1,41987989,22,28,30
1,40275829,15,-3,-85
1,39237074,25,7,-70
1,35696413,10,20,20
1,36801621,15,27,85
1,36093880,10,10,60
1,33059450,10,30,60
1,34082444,30,-13,-50
1,37349515,10,25,-20
1,41672528,35,12,-80
1,36790705,7,22,75
1,35182865,10,10,15
1,34194980,45,-13,45
1,38604136,16,10,-80
1,43990374,21,10,-65
1,31619799,10,22,120
1,30405750,5,12,85
1,30795739,5,25,35
1,41515957,10,-3,80
1,37830543,10,7,-15
1,43793313,1,2,0
1,34892081,13,2,70
1,35114380,13,12,105
1,32510426,10,2,60
1,37853781,15,7,80
1,33432383,18,0,-35
1,33458418,15,7,-60
1,40721028,10,5,0
1,40271120,15,12,-100
1,39075198,10,10,0
1,40390014,15,12,45
1,40281252,15,7,-35
1,36641964,15,-10,-40
1,36641964,15,-10,-40
1,36151612,10,7,90
1,41146757,10,12,-20
1,37251577,15,12,100
1,41017617,0,17,105
1,38585143,16,18,-60
1,38585143,16,18,-60
1,39394388,40,2,-70
1,40656215,5,10,-110
1,30394651,8,0,-70
1,41590679,40,10,-100
1,33908994,3,12,85
1,37102992,13,17,95
1,37847813,10,15,120
1,34263636,10,2,70
1,37555253,35,20,115
1,32915799,17,15,-30
1,36684671,15,2,60
1,37771822,10,12,-15
1,36615310,0,7,85
1,35696653,10,5,10
1,37870065,10,10,80
1,36500446,10,-8,35
0,30760590,8,7,30
0,39532361,40,22,120
0,34483905,15,22,105
0,34229871,15,13,40
0,35926423,12,15,85
0,36495089,10,12,40
0,33641513,8,15,65
0,36296503,15,-3,120
0,32920345,8,17,120
0,40743141,13,20,5
0,39565527,15,12,110
0,40662367,18,30,55
0,37890188,14,12,110
0,33685290,0,12,120
0,39359535,8,22,80
0,32397374,13,2,115
0,39407775,20,7,85
0,37361563,10,25,80
0,40405632,28,22,105
0,30419733,10,12,45
0,41310544,3,2,15
0,32212314,15,22,115
0,35817064,8,12,95
0,37157605,13,22,110
0,34142200,12,22,110
0,43868722,11,10,40
0,34298947,10,20,105
0,36686654,30,22,105
0,37485179,15,-3,105
0,40607656,15,20,50
0,34358715,15,12,105
0,32728259,16,27,120
0,35663713,13,22,105
0,32301027,13,5,55
0,32301027,13,5,55
0,34056657,10,22,110
0,37605328,15,22,110
0,34491852,8,12,120
0,34278895,15,7,25
0,32157127,13,12,110
0,35775629,15,2,100
0,30409031,15,13,-10
0,40999355,35,22,110
0,37621177,13,22,115
0,30886870,8,7,105
0,32954936,41,22,105
0,34422644,5,22,115
0,33665547,10,17,115
0,40279014,11,12,130
0,40884302,30,20,35
0,33436345,10,22,105
0,41888596,5,10,-35
0,41099775,30,17,110
0,31974365,20,25,-35
0,37046671,35,20,110
0,34145988,15,22,85
0,37405687,10,-3,75
0,34409959,10,7,90
0,31164082,10,2,100
0,36429944,15,22,120
0,33607842,10,12,120
0,36737122,8,17,90
0,35759967,10,22,110
0,32431598,32,22,120
0,37484852,48,17,85
0,39266482,35,12,115
0,33731656,40,12,110
0,37844042,15,15,20
0,31876957,10,12,105
0,38880745,10,23,20
0,36929637,20,15,115
0,39249853,5,10,60
0,37273689,30,17,65
0,32307176,10,22,95
0,40578101,15,0,70
0,37829773,10,20,55
0,41090505,8,12,100
0,33790175,13,12,25
0,37629970,10,10,60
0,37124330,47,25,90
0,34706258,8,12,120
0,35056882,15,17,55
0,34546889,8,12,115
0,35749108,10,22,20
0,42527311,10,2,35
0,30931221,33,22,105
0,37866935,15,12,120
0,34193442,15,10,25
0,41749975,35,25,5
0,32964918,8,20,60
0,33511191,10,12,120
0,40836745,33,33,55
0,34289517,30,5,30
0,38024927,1,-3,85
0,32405674,20,22,80
0,37610145,15,-3,120
0,32915920,23,5,45
0,36001342,6,12,85
0,41120126,25,12,80
0,39179396,10,20,115
0,37378498,23,22,115
0,35829717,15,22,50
0,35748933,10,-3,100
0,39678746,15,7,30
0,34422685,3,22,120
0,31839526,15,27,-25
0,35262115,13,12,110
0,30472616,15,15,5
0,39693795,35,12,70
0,37089206,10,25,-5
0,33448082,23,20,80
0,37383133,28,18,45
0,34989668,12,10,10
0,35274444,8,22,120
0,40582752,15,17,115
0,32915953,8,22,105
0,35257201,15,12,120
0,37901339,15,22,110
0,34838263,10,2,85
0,32950451,8,12,105
0,43149255,11,22,85
0,41284654,0,12,120
0,36419896,15,17,115
0,30781832,16,2,120
0,32170343,10,22,110
0,40932443,15,25,85
0,40679003,5,7,20
0,38231299,8,12,80
0,37637608,5,17,110
0,41984779,15,10,-35
0,35767788,8,15,60
0,34339812,8,2,115
0,36542750,10,22,120
0,35609254,15,12,110
0,32890529,10,20,110
0,41312506,38,15,25
0,34005220,8,7,120
0,32921075,8,22,120
0,32921075,8,22,120
0,35835470,8,27,105
0,36576864,10,22,120
0,39417660,15,25,90
0,34989511,10,25,80
0,32915354,16,22,110
0,36960716,13,22,105
0,33588452,8,12,115
0,30804476,15,22,90
0,37871145,-9,7,75
0,39123370,15,10,110
0,39863612,5,5,-5
0,32390709,15,22,120
0,36468151,28,17,105
0,35929998,13,7,105
0,39704917,45,22,110
0,36142097,25,12,40
0,41119031,13,7,115
0,30703942,10,12,115
0,37830542,15,12,45
0,35122740,20,17,70
0,37987918,15,22,45
0,32499595,10,22,115
0,35926241,13,12,105
0,36989476,10,12,35
0,34260257,10,7,110
0,35934166,15,27,110
0,37016895,20,12,65
0,39046997,15,12,35
0,37898608,16,17,115
0,36672573,20,15,-35
0,41095785,8,22,105
0,39115928,15,12,110
0,40566801,10,2,-25
0,31238746,15,22,115
0,37859451,12,22,80
0,34058824,10,5,50
0,34011177,20,20,30
0,35407913,10,17,95
0,32930900,0,12,85
0,33502416,18,23,45
0,33482932,8,22,120
0,32195970,8,22,105
0,43476547,33,7,110
0,39347842,31,27,105
0,34501209,7,12,120
0,37843999,10,7,30
0,35717900,10,22,110
0,37848561,13,12,110
0,35835549,5,5,60
0,30049219,0,12,110
0,32549445,11,17,120
0,32567922,16,27,105
0,30897759,13,22,105
0,41524707,28,12,120
0,36860289,15,17,90
0,39565093,8,12,120
0,32486535,15,12,105
0,32593103,10,22,105
0,32379804,10,22,115
0,42120425,17,28,30
0,36625974,15,20,105
0,41216475,10,25,55
0,42056517,16,12,75
0,37611059,15,22,115
0,40951355,3,12,60
0,35267407,13,-3,115
0,40729073,10,18,-25
0,41226429,10,3,25
0,34122769,18,30,55
0,32890617,10,22,120
0,40428860,40,18,-15
0,35163583,12,12,90
0,31585013,15,7,85
0,35834775,10,10,110
0,35782764,18,7,95
0,39448264,18,22,120
0,33554428,10,7,110
0,34362281,8,27,110
0,37851797,16,12,100
0,34194990,40,22,70
0,32239336,8,12,115
0,35014843,15,27,105
0,34986639,15,22,105
0,39013747,42,12,60
0,38338380,21,2,25
0,34362122,8,22,110
0,34379603,6,22,110
0,37533732,15,2,115
0,40108184,10,25,15
0,34989177,40,7,45
0,30839933,17,15,50
0,33495324,10,17,0
0,39330879,20,7,-20
0,35934253,15,12,110
0,41510263,20,20,60
0,31496960,15,7,115
0,36553011,21,25,10
0,40978220,15,27,80
0,34678709,11,12,60
0,40786935,10,13,-25
0,37859208,15,22,120
0,40424815,12,7,-25
0,39190356,10,-8,-15
0,43579664,35,18,65
0,33630087,15,22,105
0,31337654,18,22,105
0,37497838,10,10,-45
0,42059566,11,-10,45
0,33584046,13,-5,20
0,33840917,36,22,110
0,35098000,30,2,80
0,43588218,15,12,60
0,35868003,20,10,100
0,41128917,50,7,110
0,37847529,20,22,90
0,37703250,8,22,100
0,43592361,15,15,-10
0,37747478,15,22,120
0,34637647,0,22,120
0,41414453,10,7,50
0,34349917,8,12,120
0,38139841,11,12,110
0,37851680,10,7,120
0,39542256,12,13,-25
0,30600715,8,22,95
0,35422749,15,10,-50
0,42515052,15,25,30
0,40938583,15,20,-25
0,40786807,15,22,80
0,33777816,-2,12,110
0,41405761,20,7,100
0,30603860,10,17,115
0,36835501,17,25,105
0,37492682,25,10,25
0,40977301,30,15,65
0,40651852,20,17,95
0,35757684,10,7,80
0,32959416,17,7,75
0,37700290,10,22,20
0,39556152,26,25,55
0,34029231,28,15,-5
0,41825910,10,10,55
0,36594131,15,2,-40
0,37511222,15,27,115
0,36296467,0,22,110
0,35836294,15,17,105
0,37870988,10,12,80
0,31532184,15,7,60
0,31786787,10,17,10
0,41456975,35,5,55
0,32189629,10,5,60
0,32189629,10,5,60
0,38958452,27,27,110
0,37051406,16,22,120
0,36692208,38,25,75
0,35802828,15,12,115
0,32130128,10,12,120
0,35570169,15,12,115
0,41108325,31,30,65
0,40948759,13,12,115
0,37605311,15,27,90
0,31801296,15,23,40
0,34214437,10,7,90
0,39737988,5,2,35
0,41903322,10,27,95
0,37252647,43,12,105
0,39962195,15,-3,120
0,42447436,11,22,105
0,39308803,15,12,40
0,36461439,12,7,95
0,39602266,15,-3,-20
0,40782654,5,22,70
0,38948976,10,7,55
0,32530836,8,22,115
0,32530836,8,22,115
0,37935081,10,7,20
0,40393476,3,13,10
0,38289329,25,22,115
0,39407795,40,-10,25
0,41484562,20,2,-35
0,35164982,15,12,120
0,35933580,10,28,25
0,37988308,15,2,120
0,35817084,11,2,85
0,35115997,10,0,-25
0,41095223,16,12,115
0,43043172,10,22,75
0,34839155,20,12,0
0,33847337,8,2,110
0,37617644,38,22,95
0,39491136,13,2,115
0,40714859,11,18,-35
0,34892130,13,17,105
0,34867138,6,0,120
0,35812360,10,22,105
0,36657136,13,22,110
0,32306223,13,22,120
0,34345037,28,12,95
0,31784053,36,12,120
0,35256523,13,7,95
0,38927828,28,10,-25
0,40553482,10,25,40
0,34684407,-2,22,105
0,37891925,15,22,95
0,33565969,8,22,115
0,35042994,1,0,30
0,33641572,15,22,110
0,35802885,1,12,70
0,33562210,16,22,85
0,37825249,10,-3,45
0,34376180,8,22,105
0,41693411,35,23,15
0,31619023,10,23,-35
0,39437391,50,20,-75
0,36744728,10,15,50
0,37630976,33,12,105
0,37623235,15,27,105
0,40411867,35,22,80
0,39431876,28,22,95
0,32257384,5,12,115
0,33779517,10,27,105
0,35833855,10,25,120
0,30706406,5,22,120
0,30706406,5,22,120
0,40482507,10,22,85
0,34365282,13,25,100
0,43842420,8,25,0
0,31801020,5,22,115
0,35761016,15,22,120
0,34127211,10,22,95
0,40844504,10,23,5
0,36954057,8,22,115
0,41228516,10,12,115
0,37970540,3,7,75
0,39409882,25,2,10
0,43613851,20,13,40
0,39018958,18,12,75
0,38925673,16,7,40
0,32187362,13,15,20
0,41570018,11,15,110
0,42058773,35,17,110
0,37112673,10,22,105
0,33632124,10,7,120
0,40145979,7,10,25
0,41033646,15,25,60
0,37850727,15,22,110
0,30606830,18,17,85
0,39025489,20,12,55
0,42231909,11,23,35
0,39419231,25,30,35
0,35256410,0,12,120
0,37157695,0,12,105
0,40378957,10,25,-20
0,34995843,5,12,120
0,41309923,28,22,80
0,40804258,17,27,-5
0,37269446,20,20,5
0,32512895,30,7,70
0,38184302,15,27,115
0,40459298,10,12,90
0,31353352,10,2,115
0,31353352,10,2,115
0,43921666,10,15,65
0,32192603,10,12,95
0,35294515,10,22,65
0,36227390,10,7,-25
0,37051812,41,2,105
0,36573120,5,10,-45
0,36565813,11,2,5
0,39133925,10,7,35
0,33661695,15,7,40
0,39941405,17,12,-25
0,37872553,10,20,120
0,34339389,15,22,120
0,34308707,17,17,70
0,41645660,20,7,35
0,36802147,10,22,120
0,32846517,16,17,85
0,40071974,36,22,10
0,38590534,38,22,90
0,37511011,27,7,5
0,41438278,13,20,-30
0,30752710,8,10,15
0,35215765,10,17,110
0,37637583,36,22,90
0,36461787,8,10,-40
0,35051848,10,22,105
0,34107441,8,12,115
0,34315186,5,2,110
0,33557297,8,25,120
0,30653459,8,17,45
0,31371198,10,18,15
0,38465939,4,7,75
0,30739412,35,7,25
0,36248668,20,12,-25
0,39142435,16,13,50
0,33778412,36,15,35
0,36343098,20,17,105
0,35717652,-3,12,80
0,34146941,10,12,105
0,32514739,6,2,55
0,32930678,30,2,120
0,33826502,5,12,65
0,33457548,35,10,-10
0,36617194,13,22,110
0,31910269,20,22,120
0,37847988,5,22,105
0,36532311,3,12,115
0,37866644,5,22,120
0,30949207,0,22,120
0,34306330,10,12,65
0,41277368,40,15,-45
0,36608935,15,22,115
0,37271514,20,25,105
0,35625218,10,7,115
0,40151380,10,7,110
0,36913299,11,12,105
0,34371006,8,-3,105
0,41093392,16,12,120
0,39127414,8,2,120
0,35325350,16,10,100
0,32100183,35,17,45
0,31562786,10,22,120
0,31381624,10,10,85
0,37851981,3,22,110
0,41005802,37,12,100
0,37862277,20,-3,85
0,38894992,3,25,40
0,35516301,20,22,75
0,37382038,6,10,105
0,32940644,25,17,110
0,40186138,38,20,0
0,30717036,8,25,105
0,39335004,8,17,80
0,37635276,15,10,75
0,37890106,13,7,120
0,34205354,10,-8,85
0,37594781,15,25,105
0,37495808,33,22,105
0,39853959,20,10,-35
0,35728442,10,22,110
0,34646680,10,12,80
0,38953823,15,7,20
0,37855614,6,12,90
0,40493766,45,22,105
0,34029094,13,22,115
0,36615323,11,12,115
0,37495822,43,25,105
0,34120651,10,20,25
0,30592199,8,12,110
0,33432649,15,15,60
0,40436252,5,10,5
0,35757847,5,7,-10
0,35748522,15,22,-5
0,31502762,8,27,105
0,36645513,13,20,85
0,37094956,5,2,75
0,35760590,10,7,70
0,40280704,20,25,55
0,43621960,20,25,35
0,37993947,16,10,65
0,32534260,20,12,60
0,31972267,15,25,105
0,36559979,15,2,5
0,35166059,5,12,110
0,41887737,10,17,-30
0,35276831,33,7,80
0,36628459,15,22,75
0,39495615,30,15,-20
0,40631811,10,7,50
0,41491021,10,15,35
0,41265419,5,22,105
0,37847898,8,22,95
0,43824626,25,30,40
0,41806838,7,25,105
0,43459445,5,22,90
0,32585920,15,22,115
0,35572332,0,25,55
0,36672736,15,22,120
0,30804506,40,22,120
0,36095594,5,10,15
0,30185910,10,22,110
0,41310073,15,0,-55
0,31769886,10,12,110
0,33672014,1,2,85
0,37441087,13,22,110
0,37130375,15,12,95
0,41314077,8,22,105
0,35262418,8,22,105
0,32337681,15,10,15
0,33549386,11,17,95
0,35862936,13,12,105
0,38229006,33,7,110
0,37074380,13,7,120
0,38989023,20,12,105
0,41104147,50,22,105
0,40112321,40,15,65
0,32101573,18,27,90
0,37117081,13,27,60
0,35778972,5,22,105
0,43788337,0,10,-10
0,40529902,10,2,70
0,39684018,25,25,35
0,39628669,6,22,60
0,36932404,10,15,55
0,41114887,20,20,80
0,33841561,10,-3,100
0,31629912,33,7,95
0,36102679,0,23,5
0,37189142,15,22,120
0,34359734,8,22,105
0,33741361,13,17,80
0,30809336,10,22,110
0,37103057,10,7,115
0,39186539,8,27,105
0,35569242,5,22,120
0,35165990,10,7,65
0,40478257,5,10,110
0,35735563,10,7,65
0,34278954,10,10,60
0,41615993,13,-3,105
0,40433853,20,12,45
0,40425327,35,22,105
0,33422672,16,22,120
0,35052692,10,27,105
0,41295269,10,12,110
0,41586594,45,15,90
0,40991710,45,22,100
0,38006192,10,7,50
0,32282413,15,22,105
0,32936688,13,17,25
0,32921233,15,2,55
0,39467606,8,12,105
0,37838547,11,17,105
0,36779995,13,22,115
0,38893903,10,15,50
0,41271286,25,8,5
0,41096867,40,25,105
0,37755411,10,10,70
0,41524960,25,22,60
0,39103469,33,25,55
0,34011297,38,20,40
0,32475125,45,22,105
0,30942957,10,15,105
0,42303100,10,10,50
0,39513057,26,22,105
0,34450268,13,27,110
0,41518027,8,20,70
0,35817178,10,22,110
0,38042560,15,22,115
0,35774932,10,12,110
0,31583084,15,22,85
0,36645086,8,12,110
0,32832563,8,15,-25
0,39553354,15,-3,105
0,32887690,10,22,15
0,32887690,10,22,15
0,30441265,30,25,50
0,35307995,32,10,65
0,35835500,21,15,105
0,36929898,10,5,35
0,40902307,10,22,110
0,36951137,15,18,0
0,41092340,5,2,15
0,37628649,15,12,105
0,33432674,12,7,90
0,37611615,15,-3,120
0,35973815,15,30,105
0,41752019,13,22,25
0,33660474,10,12,110
0,37869099,10,17,95
0,30969954,-2,22,115
0,30716751,17,12,100
0,30716751,17,12,100
0,41128079,38,22,85
0,34307045,10,22,115
0,34235586,35,23,15
0,41336105,31,17,90
0,39435126,15,7,105
0,37658222,10,12,105
0,35323089,6,7,90
0,40088641,-10,7,105
0,31781023,10,22,85
0,41894896,10,22,115
0,36729329,10,10,65
0,30551904,11,22,120
0,33650222,8,12,55
0,34014605,20,17,105
0,34187811,8,22,115
0,37830893,10,22,110
0,39794728,0,25,55
0,37496679,28,22,105
0,30589958,10,12,25
0,38025209,15,2,80
0,35141144,20,27,110
0,31902136,10,22,110
0,40999947,8,7,95
0,37833115,15,12,115
0,30635848,8,22,105
0,35115972,20,20,85
0,33409743,10,25,35
0,35152665,8,12,110
0,37888241,15,7,105
0,36536657,8,22,105
0,30657655,8,22,120
0,33515529,20,15,80
0,30973201,8,12,115
0,39293652,15,7,110
0,37194467,1,7,85
0,40615410,15,10,-5
0,37515992,13,22,105
0,39197820,15,22,105
0,36621427,8,22,110
0,34352754,15,15,105
0,41096009,10,25,15
0,41096009,10,25,15
0,36361237,5,22,-25
0,40527067,28,22,105
0,37860485,12,7,45
0,33782226,28,27,105
0,35942747,10,12,85
0,32635790,20,2,15
0,38289333,38,22,95
0,42954884,10,2,110
0,41522082,20,20,55
0,35089562,6,15,75
0,32576656,8,12,110
0,37717245,5,10,10
0,31497111,10,20,55
0,37862080,10,-3,115
0,35927260,15,23,20
0,35267427,13,12,115
0,35833831,10,12,85
0,37683728,15,10,95
0,41346888,36,20,40
0,37839113,25,20,75
0,35876042,10,22,75
0,42445888,10,10,-55
0,40896170,6,7,80
0,32050621,10,7,50
0,33446304,10,12,50
0,37862536,8,12,115
0,37853211,11,25,105
0,33826334,6,12,80
0,34581371,33,28,20
0,34993606,17,15,35
0,36986404,18,22,75
0,34993608,10,22,100
0,37509691,25,18,10
0,36529404,3,22,120
0,35091214,10,2,120
0,40212996,10,13,25
0,41082150,15,17,40
0,39738660,10,25,105
0,37413466,20,22,115
0,35296821,18,22,115
0,39380652,26,22,105
0,37516051,12,22,105
0,34450041,11,22,60
0,40280654,10,25,15
0,40774176,10,18,-35
0,33503888,10,22,105
0,41089084,10,18,65
0,39095304,10,12,90
0,34546898,10,22,90
0,36822699,3,22,115
0,39031188,45,12,50
0,41446361,37,10,15
0,37543874,10,15,-50
0,41715273,15,5,10
0,33637453,23,27,115
0,33587026,7,7,-35
0,32935554,13,28,35
0,39433318,40,25,100
0,30992548,8,27,115
0,39436460,43,25,55
0,40836150,6,10,-5
0,37269427,40,22,45
0,39201742,15,17,25
0,35456836,15,7,70
0,35775690,15,22,115
0,34950372,10,2,55
0,39738694,27,25,-25
0,35830732,5,17,75
0,42154445,13,20,-10
0,38289397,35,25,55
0,35267475,18,22,85
0,31847468,18,20,90
0,32930837,8,22,110
0,37252561,0,22,115
0,34003023,13,22,110
0,34309637,10,25,105
0,43905369,12,10,-85
0,37850721,10,12,80
0,33473548,-2,10,40
0,36731663,11,17,95
0,32447405,8,22,115
0,41103077,38,22,120
0,41087814,20,22,90
0,35850364,22,20,60
0,35875763,10,12,95
0,39493239,10,5,55
0,34071911,10,17,115
0,40859990,35,12,0
0,35605320,10,7,65
0,39108308,40,7,-10
0,33762528,33,15,-30
0,37159125,12,10,10
0,40946956,20,2,-30
0,35834087,13,7,110
0,37511218,15,15,120
0,31591274,28,22,110
0,35412198,10,25,75
0,34339382,10,12,95
0,41549431,10,2,105
0,34194737,28,22,85
0,31657783,33,12,90
0,42625587,20,20,105
0,30862990,8,22,105
0,33669439,20,17,115
0,30778913,13,22,120
0,36699946,18,7,115
0,37165888,10,2,120
0,40140467,15,7,110
0,37247904,50,28,0
0,35895196,0,12,15
0,31593725,8,22,120
0,34500173,18,17,75
0,33839762,20,2,75
0,41666545,14,12,25
0,36866901,28,27,110
0,43729389,9,20,25
0,36814926,38,25,35
0,32024572,15,25,120
0,37860520,10,12,-5
0,36815729,40,10,100
0,37829961,15,-13,40
0,41365897,15,7,0
0,37051199,15,22,105
0,41131807,10,22,110
0,40672549,16,10,-30
0,34050297,10,20,100
0,37172710,25,-5,25
0,34300990,8,7,15
0,34707223,10,17,115
0,34029686,10,12,45
0,37943505,20,5,-10
0,32172393,3,22,110
0,33446053,18,12,120
0,30881741,8,22,105
0,37853409,15,12,85
0,32035325,21,22,110
0,30748169,22,12,105
0,36822704,26,22,105
0,37838689,1,2,95
0,37377719,13,22,90
0,40516215,35,18,25
0,43046979,1,22,45
0,41855487,41,20,-15
0,40725976,1,-3,35
0,35825674,10,22,115
0,33691550,10,22,105
0,31338169,42,27,105
0,40497088,12,3,0
0,36290191,10,25,110
0,37848047,10,17,110
0,41188098,6,15,45
0,39146880,25,12,65
0,35926691,10,17,115
0,39645171,11,7,30
0,31938530,10,17,90
0,37277525,10,0,0
0,31017299,8,22,110
0,37868727,15,2,110
0,39232449,31,5,0
0,35570882,15,12,105
0,37068554,42,12,120
0,40806000,10,7,80
0,37276295,10,12,115
0,41654298,20,7,105
0,37140835,10,12,105
0,36628439,16,22,105
0,31986134,13,17,105
0,37827650,10,-8,45
0,40480525,15,23,60
0,37845074,15,22,105
0,33604329,10,22,115
0,37625197,40,17,-5
0,31616700,15,22,120
0,40169541,11,10,-20
0,40980217,8,12,105
0,35833901,10,12,100
0,40729163,17,15,5
0,35115915,10,2,120
0,36838370,15,30,20
0,43664016,8,10,-55
0,41788464,15,22,90
0,32092743,10,12,35
0,34919859,15,30,10
0,34114348,6,12,50
0,35935885,12,17,75
0,33643237,6,7,50
0,37863417,15,17,95
0,40897506,10,17,105
0,38202406,35,20,10
0,42305489,17,12,0
0,31652635,10,15,75
0,32424574,10,12,120
0,40223989,15,17,15
0,34311642,13,15,55
0,32201554,20,12,-5
0,34597552,8,12,105
0,36152993,15,25,105
0,40826107,5,25,80
0,36811261,8,22,115
0,36617574,25,10,40
0,34407102,16,12,105
0,35163545,15,12,105
0,40429001,17,17,80
0,38018224,1,7,55
0,37227013,15,15,70
0,33894703,15,15,105
0,30078292,8,22,115
0,30797683,10,17,115
0,32958997,10,17,85
0,33733967,6,7,80
0,37841628,15,22,110
0,43842510,21,7,45
0,35977823,10,7,110
0,34101935,10,15,100
0,34049105,15,25,105
0,34030659,15,7,100
0,31900757,15,10,110
0,41592881,15,15,110
0,37632702,10,7,20
0,35409103,15,25,45
0,40913900,-3,12,120
0,37862703,15,7,95
0,36524556,33,22,120
0,40594897,52,30,55
0,34383308,6,7,75
0,34266623,10,7,105
0,37607719,8,-3,120
0,39739610,40,13,-30
0,37840454,15,22,115
0,39236497,50,25,50
0,42195813,20,18,5
0,34994116,15,17,120
0,35186988,10,17,80
0,35142760,10,10,115
0,37157814,13,12,115
0,37840455,13,12,55
0,42305560,15,3,-5
0,40628269,15,12,75
0,43142786,10,10,-25
0,34193766,10,17,110
0,36019935,10,2,105
0,34205491,15,22,120
0,32452025,10,15,120
0,32959249,55,22,100
0,36021115,15,10,5
0,34772674,-2,20,60
0,34007880,10,17,70
0,41119460,30,22,90
0,33432007,23,12,110
0,31436629,8,7,95
0,39579654,10,5,5
0,39140894,30,7,65
0,41472317,30,12,80
0,37059818,5,20,30
0,40176196,15,28,40
0,39320492,35,22,15
0,38538230,2,17,-40
0,36476961,25,12,15
0,33929738,16,22,105
0,32567557,15,2,115
0,30584705,13,12,120
0,39422743,16,12,105
0,36505601,16,12,90
0,31607689,8,17,95
0,33790204,30,20,60
0,35936181,10,15,95
0,30972650,15,2,5
0,37850438,6,12,120
0,39334220,10,20,120
0,42235550,15,12,55
0,35187033,5,22,110
0,30116356,8,17,65
0,36779980,5,12,120
0,39059141,11,12,35
0,35788959,10,7,120
0,39361419,41,7,-5
0,37661078,10,22,115
0,39005586,6,7,5
0,38953828,8,20,-55
0,42682446,15,7,80
0,42215499,10,7,110
0,41120937,10,22,110
0,38620035,5,20,-35
0,36815613,45,22,-10
0,36682378,28,12,110
0,34294058,10,10,120
0,37861812,13,-3,120
0,33562435,30,25,90
0,36926733,37,15,20
0,40206720,16,22,105
0,34360610,10,22,115
0,41557522,17,0,30
0,40436105,23,15,0
0,37847112,8,7,30
0,32273280,8,15,55
0,35977291,10,17,115
0,41549602,25,10,95
0,32408104,8,12,120
0,43865855,5,18,-10
0,35265928,17,17,105
0,34216134,25,25,-45
0,34092051,8,10,-25
0,42060605,15,12,110
0,37143223,30,15,60
0,36645696,8,27,110
0,39177876,15,12,75
0,40895914,10,22,105
0,37391705,40,10,110
0,37508372,28,20,65
0,33678136,27,15,-20
0,42425141,40,17,45
0,35927205,6,17,110
0,34146115,15,22,120
0,36488554,10,17,90
0,38847335,10,7,10
0,34181396,15,12,75
0,37625073,8,17,105
0,33586307,8,22,110
0,33557286,15,22,55
0,37935866,10,12,120
0,40480768,35,2,110
0,35684452,10,22,115
0,36343532,15,22,105
0,42683338,10,10,20
0,33477133,3,12,120
0,34070926,8,22,120
0,41668712,20,10,35
0,35166125,7,12,110
0,35835896,15,22,120
0,39019571,10,12,110
0,34507694,8,22,105
0,35267136,10,10,0
0,41047961,1,25,-5
0,30776719,40,17,105
0,37248852,31,22,100
0,43768863,5,33,-20
0,43621444,25,22,60
0,35892041,5,22,95
0,37248855,30,15,-60
0,43700031,5,10,45
0,38009896,12,20,-20
0,34573771,5,22,110
0,41124362,13,12,110
0,40999086,10,17,90
0,34146333,10,12,115
0,39103557,33,12,25
0,41091622,7,2,80
0,36822385,20,15,20
0,38817991,10,17,-5
0,39195829,35,20,70
0,37753940,20,12,95
0,41596056,40,22,120
0,37860068,15,22,115
0,43116380,13,22,115
0,41160112,8,22,120
0,40623535,16,17,105
0,36901432,12,-3,45
0,42181357,6,15,110
0,37841893,11,17,115
0,35024551,15,2,120
0,39414992,40,-10,-20
0,37167966,5,0,90
0,39116095,25,2,-80
0,35165846,10,12,70
0,34668940,6,22,110
0,32314360,15,27,95
0,35845742,31,25,55
0,35802920,15,22,105
0,32158158,15,22,110
0,34238687,15,28,25
0,39695564,1,22,115
0,35618736,10,17,95
0,35792941,11,22,100
0,43241473,10,12,95
0,40659718,30,25,55
0,35751702,30,22,110
0,35913595,10,7,5
0,34107340,35,25,35
0,43876281,10,7,35
0,39126659,15,27,100
0,40211636,15,22,110
0,37514670,22,32,80
0,30593426,28,22,105
0,34305580,12,2,-30
0,38745034,-10,10,-5
0,33790213,45,12,120
0,30654149,8,22,110
0,37413509,20,30,55
0,31583501,15,22,120
0,36682809,8,20,105
0,36295818,15,22,115
0,35228761,10,10,25
0,38574163,5,20,15
0,35804072,15,12,105
0,39535929,15,28,50
0,40412880,35,25,35
0,37870084,10,17,90
0,41576976,5,25,-25
0,32419020,15,7,75
0,39082445,31,27,75
0,34370741,10,7,120
0,40179071,5,12,85
0,39438262,45,2,45
0,41806837,10,12,55
0,32067753,15,22,110
0,35014936,17,7,105
0,37874930,18,15,65
0,32479532,8,30,50
0,37830877,8,25,60
0,35410190,15,15,-25
0,39535943,15,12,85
0,40499007,38,17,20
0,32548179,15,12,110
0,39165586,33,12,80
0,41037795,20,12,65
0,43611270,5,25,-20
0,40426625,20,22,55
0,34374686,8,15,55
0,30696506,15,7,120
0,37733033,10,7,115
0,35735466,10,12,120
0,37154144,15,-7,70
0,33286423,47,15,55
0,37888989,25,-5,50
0,40541116,15,15,120
0,40591067,1,2,65
0,36563810,10,25,-10
0,34058365,15,22,115
0,32589865,8,22,115
0,34041940,15,22,120
0,33564653,47,5,-10
0,42687671,10,7,35
0,43499732,13,-3,115
0,39277342,20,17,85
0,41661144,15,10,55
0,37600120,25,0,25
0,39782585,26,-5,65
0,34370761,8,12,120
0,37865181,10,10,30
0,33615724,13,12,120
0,42539716,17,17,35
0,40324844,17,22,20
0,41118598,13,22,105
0,36608105,15,22,105
0,39737819,15,12,115
0,34022532,10,22,110
0,39488690,15,2,0
0,41365675,20,10,5
0,40287521,27,25,10
0,37866432,5,15,10
0,40423673,15,12,30
0,41260121,15,30,-5
0,33712816,15,12,55
0,40479438,15,17,120
0,37165539,12,7,90
0,38595539,10,10,80
0,39557189,1,10,-30
0,34310280,10,22,120
0,32890614,5,22,120
0,41493114,15,-10,25
0,39661831,10,5,75
0,40428254,5,10,60
0,36701441,35,15,40
0,36296550,20,32,105
0,32959516,13,27,65
0,37867263,15,22,70
0,40989264,25,18,40
0,39321535,50,25,40
0,30863072,8,15,115
0,33187517,15,12,-20
0,37125117,10,-5,5
0,37481275,3,12,70
0,41348474,30,17,95
0,35624863,13,10,-25
0,37184836,25,30,110
0,35300222,0,13,35
0,41088895,18,22,65
0,38485852,35,12,120
0,35804466,11,7,115
0,32588374,13,12,110
0,34788404,10,-3,95
0,33135544,30,7,15
0,37887940,13,12,110
0,35814411,10,12,40
0,36923088,50,17,115
0,34272643,10,22,55
0,35239469,15,7,100
0,41314211,15,-8,125
0,41094469,35,22,105
0,41226303,13,12,110
0,35771730,15,22,105
0,33461820,30,12,120
0,35771732,13,22,90
0,36932246,25,12,45
0,40694029,5,20,60
0,30485262,13,12,105
0,37001551,10,2,55
0,37871123,10,10,95
0,35052810,10,7,-25
0,39432081,45,22,45
0,34031166,13,7,90
0,35862651,15,12,115
0,39125699,15,12,115
0,37404622,20,12,55
0,40689272,5,12,15
0,34052183,43,22,120
0,31859770,23,7,90
0,35771762,5,22,120
0,40222981,37,12,80
0,39705830,35,17,-10
0,33650165,8,22,110
0,35267484,10,22,120
0,34938480,10,22,105
0,37755246,25,12,100
0,37720956,45,17,90
0,35765599,15,12,120
0,41082039,10,7,105
0,33439234,16,22,110
0,42337035,30,20,75
0,37866810,15,-3,115
0,39451203,25,7,10
0,35543360,10,22,110
0,30818357,37,20,40
0,37174611,21,17,-5
0,37884235,16,0,25
0,40977463,11,7,10
0,37890571,16,22,120
0,36431198,10,7,105
0,30123174,18,17,95
0,39298147,17,-10,-15
0,37015900,15,22,110
0,34358033,13,7,105
0,42515053,10,17,55
0,37251621,10,17,105
0,35834527,6,2,5
0,34993515,18,22,115
0,39693078,40,15,-10
0,40188053,40,12,70
0,32890555,5,22,85
0,35143748,8,17,45
0,35830770,10,7,95
0,36999575,15,22,120
0,30406439,20,12,70
0,32240862,15,12,110
0,33986368,35,25,115
0,35296894,8,22,120
0,41082674,15,17,110
0,37191716,13,15,55
0,32582766,8,22,110
0,36402280,10,0,0
0,35852417,15,-3,115
0,32959446,10,25,45
0,35218975,15,22,120
0,32559942,30,10,110
0,37515155,10,23,35
0,43993714,10,25,90
0,35091110,5,27,110
0,39681982,15,-2,-65
0,36966855,10,17,85
0,35633318,28,30,55
0,34355675,8,22,120
0,39201612,25,17,75
0,33659741,1,7,105
0,32824470,50,2,-85
0,38390317,15,12,85
0,32436084,10,7,50
0,30665805,10,25,80
0,39444704,17,12,80
0,39681828,13,22,110
0,30112123,15,5,30
0,37194247,15,2,105
0,39406786,10,12,90
0,42013643,10,22,85
0,37395477,6,-3,0
0,37067312,10,22,95
0,35936977,10,25,65
0,40974975,11,7,40
0,40442146,7,7,30
0,32890413,8,17,115
0,37859897,10,12,115
0,39139318,17,8,80
0,40565405,16,10,35
0,34374812,8,7,100
0,32387533,10,2,35
0,38039528,45,23,60
0,39733256,18,7,50
0,37167088,15,20,100
0,36343614,15,22,110
0,43853863,8,22,25
0,35219006,15,25,45
0,34374371,10,-3,80
0,31580866,10,17,110
0,37633281,5,27,115
0,39795350,16,12,45
0,39705891,10,12,120
0,36607147,10,22,105
0,39601292,15,22,110
0,33686365,8,-3,115
0,35825708,35,12,115
0,36642700,15,10,20
0,40914319,15,22,105
0,37625819,15,30,120
0,32074585,8,7,105
0,39485216,17,5,5
0,35117221,13,12,120
0,37863283,15,22,100
0,42167472,35,15,65
0,31620430,15,22,125
0,36925686,45,22,80
0,37870105,40,28,55
0,33525320,5,22,95
0,35425039,10,25,85
0,39530938,30,22,75
0,35021788,20,12,120
0,37167405,20,22,85
0,37866120,10,7,60
0,30723446,10,15,80
0,42122460,10,-5,15
0,43785446,21,5,-65
0,37166787,26,20,95
0,37826904,8,22,110
0,37382737,10,17,105
0,35740587,8,22,105
0,37633610,13,22,115
0,40978191,15,7,75
0,36147020,17,2,65
0,32080644,10,7,95
0,41310719,30,25,40
0,35929143,10,20,0
0,33392567,5,23,30
0,30442102,23,10,30
0,30492053,20,12,110
0,33480311,10,7,35
0,37426234,15,12,110
0,39437068,40,7,5
0,36923201,35,22,55
0,38887361,10,22,30
0,30042797,10,22,120
0,37057112,17,15,-15
0,35052175,18,2,20
0,36350652,10,22,110
0,42487445,10,22,105
0,40553175,8,22,110
0,40939168,10,15,110
0,37826932,17,22,60
0,39453359,15,15,115
0,37201794,28,22,100
0,35861671,15,7,105
0,40413735,48,22,105
0,43758736,5,15,15
0,35052626,10,7,110
0,41532961,15,7,30
0,30937195,15,-8,120
0,33515251,0,22,120
0,35121715,10,12,40
0,42322627,25,28,10
0,35892049,10,-3,120
0,31620898,10,2,75
0,34568018,10,22,105
0,36621401,13,22,120
0,37833108,8,17,110
0,38041041,10,7,115
0,36267739,28,22,105
0,39359534,11,22,115
0,37840236,5,22,90
0,35692026,20,12,25
0,33535295,13,7,95
0,40280766,20,22,60
0,37630310,15,7,90
0,36055176,8,12,120
0,30325862,10,2,110
0,37046652,8,22,125
0,33617320,10,25,80
0,35112995,5,27,115
0,37424328,25,7,115
0,42959435,15,22,95
0,33708996,10,12,95
0,40272855,30,17,105
0,40271900,30,2,100
0,34617518,10,22,115
0,37474729,11,12,65
0,37925584,13,17,115
0,40180569,36,25,-35
0,39834905,10,12,95
0,37223277,26,27,110
0,35936566,15,17,100
0,31561623,18,22,105
0,35051515,8,22,110
0,34339300,10,7,110
0,35558133,1,22,55
0,41001384,20,0,30
0,37251717,16,22,115
0,37979772,15,7,55
0,34726919,15,20,55
0,35862164,16,22,120
0,31944044,8,20,55
0,35784369,5,17,110
0,39412594,20,17,35
0,33586367,16,22,85
0,33955937,18,17,100
0,31433453,20,33,50
0,34262686,15,22,90
0,34580421,10,22,115
0,32434599,10,22,45
0,32484384,10,12,105
0,36809213,13,22,115
0,40459857,20,20,115
0,40557719,10,12,-65
0,35063238,6,12,-20
0,42692805,15,17,100
0,30808807,10,15,0
0,33473511,8,22,95
0,33539572,15,17,110
0,39201882,16,22,105
0,33892429,15,22,120
0,39702816,20,15,30
0,34218101,10,7,120
0,36858387,15,22,0
0,34546896,8,7,45
0,33826355,1,25,35
0,33586992,10,17,-20
0,40400807,16,22,95
0,34010299,10,22,110
0,37277497,43,-5,10
0,39201893,13,22,105
0,33611861,20,40,55
0,37901315,15,22,110
0,33538630,8,22,105
0,37853850,6,15,85
0,35615405,10,7,35
0,40107250,10,2,-80
0,34296656,10,2,-15
0,37882012,16,17,80
0,33681101,8,20,65
0,39692237,35,17,-25
0,35867202,10,12,90
0,34261757,7,25,40
0,32193697,10,-3,110
0,35114310,3,7,120
0,39232864,10,22,105
0,33398717,8,12,105
0,40411271,35,10,-35
0,30681765,13,7,90
0,33852768,32,15,60
0,30690477,10,2,105
0,37901480,10,7,90
0,37722515,30,22,90
0,33456454,10,22,115
0,35060721,13,7,110
0,30486062,10,17,115
0,30244213,10,22,90
0,34362764,8,22,120
0,43116080,6,12,35
0,35935505,10,2,30
0,33591006,15,7,60
0,37663091,15,22,105
0,32428732,8,17,105
0,38901671,20,10,50
0,33481451,10,2,40
0,36751881,15,2,105
0,39734759,21,22,95
0,33681118,8,27,120
0,36343103,6,7,105
0,40424216,10,10,100
0,32097268,20,12,70
0,33433702,15,7,105
0,42200345,8,17,115
0,36140486,8,12,115
0,35977562,13,7,115
0,36606913,7,-3,60
0,33995502,8,27,115
0,43452498,40,15,60
0,33425501,10,2,45
0,41119324,35,12,120
0,36803908,17,27,105
0,41089283,30,20,-35
0,35116247,16,10,100
0,39577932,11,7,120
0,37369982,10,25,45
0,42471121,13,10,20
0,31436650,15,32,70
0,43988648,8,12,-20
0,41458244,32,17,85
0,32963271,10,8,80
0,40913958,16,22,115
0,40621394,15,15,10
0,33648098,10,12,60
0,35015854,10,12,105
0,33969593,13,22,115
0,33829093,1,2,10
0,40484906,10,10,0
0,35740203,6,12,115
0,36913796,15,10,35
0,38358500,5,22,95
0,30628370,10,17,80
0,37143375,13,22,105
0,43445696,25,12,90
0,31421989,15,27,120
0,39682931,35,12,100
0,39198104,45,38,-10
0,33630897,10,12,120
0,33395934,28,20,80
0,40546433,30,25,5
0,35977297,10,22,75
0,34311784,17,18,-35
0,40595592,35,15,5
0,34215957,5,7,95
0,36822753,8,2,115
0,39276520,10,17,110
0,33682880,25,22,110
0,39450760,15,10,-15
0,32921265,10,7,110
0,37379811,15,17,55
0,35243699,15,22,115
0,34546978,7,7,120
0,40422246,23,2,115
0,34117343,8,12,115
0,37360142,15,20,-45
0,37069830,10,20,110
0,37651301,15,15,55
0,40035704,18,15,30
0,42334267,27,-5,-35
0,33689664,17,27,95
0,37218912,13,7,115
0,40916986,10,7,5
0,38139458,18,17,15
0,39429563,45,-10,40
0,40846498,16,12,120
0,33849648,10,12,115
0,40897489,5,12,120
0,39701915,3,22,105
0,43045739,1,0,75
0,32430563,8,22,105
0,36997378,10,12,105
0,40567280,10,3,15
0,31900951,20,7,110
0,36667006,5,10,-10
0,30047583,8,22,120
0,36561436,33,12,115
0,35783486,15,7,95
0,43864126,30,15,60
0,36568802,10,22,-25
0,33530808,6,22,105
0,33950505,33,22,120
0,41000967,17,25,100
0,35164762,12,22,95
0,36440825,30,-5,10
0,37842396,1,17,120
0,38752938,8,22,105
0,37834325,6,2,115
0,37848375,7,12,80
0,37273300,15,10,15
0,37721792,25,2,55
0,35466239,11,27,90
0,33991609,8,22,110
0,39698885,10,12,35
0,34374369,8,7,60
0,40223501,10,27,105
0,33494457,43,22,115
0,39084489,43,33,30
0,39311972,45,7,45
0,33782188,25,10,115
0,30805143,13,20,0
0,34486276,8,12,120
0,41647491,16,12,105
0,41380211,17,12,95
0,30617182,48,12,80
0,35933225,15,22,110
0,34318249,25,15,85
0,39311814,18,12,70
0,38875153,15,2,-60
0,41348253,20,12,75
0,35293778,10,12,120
0,39124647,6,15,65
0,39980494,25,22,100
0,33862795,13,22,75
0,30043070,10,12,105
0,43154094,21,28,0
0,42332204,10,28,-5
0,35810583,10,20,0
0,39424685,20,23,40
0,36001111,1,17,115
0,33993369,10,22,120
0,32213547,8,12,110
0,36598408,10,15,-20
0,35262656,5,7,115
0,36576157,21,32,75
0,30865059,8,22,110
0,34050966,7,17,110
0,41273660,12,18,-40
0,36613499,13,12,120
0,36929444,12,12,15
0,30725014,16,22,115
0,33943592,15,17,110
0,39346126,20,0,20
0,33841630,10,28,55
0,37865485,1,-3,-50
0,33637385,35,10,40
0,39057604,13,12,105
0,37239027,40,12,115
0,38394761,11,2,100
0,39117541,20,12,100
0,34390525,10,12,105
0,34351195,10,2,120
0,37496983,50,25,-10
0,41744430,25,2,100
0,41126661,12,12,120
0,36485733,30,35,10
0,36644312,15,22,120
0,37169152,12,2,75
0,36003336,15,12,110
0,40529545,25,27,115
0,31840480,10,22,105
0,34314957,13,17,80
0,40406733,40,17,-10
0,41620228,13,22,35
0,36363718,15,12,120
0,30990749,10,22,110
0,36638149,18,12,100
0,37807023,15,22,110
0,41321150,20,7,60
0,40888083,16,12,115
0,30640480,8,17,110
0,32933760,8,22,110
0,37865345,20,7,115
0,37822522,10,7,30
0,34777483,10,12,95
0,31512923,18,22,105
0,36143230,10,22,35
0,42212414,8,12,120
0,38926868,3,22,120
0,33482655,15,17,115
0,34020505,27,17,80
0,40532148,10,12,110
0,40604839,20,15,0
0,40723260,11,15,-15
0,36503665,20,12,90
0,35854094,16,25,55
0,30314076,15,7,100
0,34429107,6,12,110
0,41097733,28,20,115
0,35293682,15,22,105
0,37865980,15,22,115
0,40996085,23,18,5
0,41414717,26,10,45
0,40526437,12,25,50
0,40671875,10,10,-20
0,36554861,3,7,90
0,35778940,15,2,120
0,39051085,20,13,30
0,37190869,13,22,115
0,39466907,1,22,-65
0,32116239,10,17,35
0,39246593,28,17,75
0,37940046,30,10,50
0,37849552,10,-3,30
0,41130095,8,12,105
0,37870613,1,20,95
0,39445078,15,12,105
0,30457649,10,17,100
0,39473059,10,15,-10
0,32257755,25,12,100
0,36430899,10,20,105
0,41998699,5,2,-30
0,34649382,8,22,105
0,30367527,10,25,70
0,35418015,10,-3,115
0,41077296,15,7,-15
0,30874958,8,22,110
0,37885052,15,17,115
0,37292726,10,17,-25
0,39161477,10,22,40
0,40344104,11,15,75
0,37665791,1,7,65
0,34409123,18,22,110
0,30526112,15,22,120
0,32344868,15,22,85
0,34360307,8,12,120
0,41825943,15,12,105
0,31847351,15,22,110
0,41616802,10,12,65
0,40721600,10,30,75
0,37630896,15,7,105
0,37631077,6,22,50
0,30523133,10,7,50
0,30523133,10,7,50
0,37848374,5,-3,70
0,32932306,10,17,80
0,33708799,10,20,105
0,33483546,13,22,90
0,33534765,22,5,15
0,41264311,17,2,35
0,39072011,10,28,45
0,32037272,21,17,85
0,40275040,20,22,100
0,41011292,38,27,95
0,39307392,0,12,110
0,38735884,12,23,40
0,40413836,40,12,105
0,40282016,10,7,-5
0,34093619,10,22,105
0,39353855,1,22,50
0,33761799,15,22,115
0,40793993,15,5,110
0,33952293,30,-3,65
0,34298776,30,25,35
0,34313698,5,20,115
0,34409151,20,7,45
0,35728037,10,-3,120
0,37820915,8,20,55
0,39130836,11,2,110
0,39430707,28,25,65
0,32597935,3,22,105
0,41416407,20,25,5
0,39487417,10,22,85
0,39371730,8,-5,5
0,34598657,16,17,105
0,32296052,17,22,85
0,36777221,8,15,100
0,42434790,10,2,25
0,34344504,15,22,120
0,39950018,10,15,120
0,42064108,10,12,100
0,39428920,40,30,105
0,35090833,15,10,55
0,35883598,15,7,55
0,34778868,10,22,95
0,40615712,10,7,50
0,36821097,15,7,30
0,39565852,10,22,65
0,34389543,11,7,35
0,38021759,6,2,25
0,40659338,15,12,75
0,35816591,10,22,110
0,30653584,20,12,110
0,35274391,15,12,105
0,41445985,15,22,110
0,40998255,28,22,110
0,37317902,26,22,65
0,35249399,10,15,-5
0,39356716,10,27,105
0,37918158,41,25,105
0,35833677,15,12,115
0,35867626,40,22,105
0,40767928,10,2,-10
0,30904308,8,12,115
0,40273352,28,22,65
0,36700497,1,12,65
0,32954792,10,17,110
0,30113456,10,20,55
0,33624779,10,7,40
0,37463691,10,5,-25
0,34591162,10,20,100
0,40779175,20,12,60
0,33414845,5,25,-25
0,40998262,25,15,105
0,36350643,10,-3,120
0,37183882,10,7,-45
0,40993548,15,5,-110
0,39493039,20,-3,10
0,39569044,10,22,115
0,37625888,15,7,110
0,31573039,8,2,110
0,36431442,12,7,25
0,39593869,1,-3,115
0,32932234,10,17,75
0,35735515,10,0,120
0,34232044,13,22,80
0,41088421,20,17,95
0,30804726,20,15,45
0,33424208,10,7,80
0,31547251,8,22,110
0,33841089,43,17,95
0,37827290,6,12,105
0,37175212,26,27,105
0,40435552,23,25,20
0,37218511,28,22,110
0,30336957,10,22,115
0,42879017,26,23,10
0,40269234,28,0,-45
0,37858702,8,12,30
0,36822829,13,22,115
0,35928986,10,17,95
0,32400029,10,7,55
0,31805878,50,7,90
0,37038269,53,20,70
0,37085519,45,10,40
0,35507512,12,12,40
0,35994855,10,22,95
0,33566250,45,7,75
0,43468623,3,10,30
0,35884695,8,12,115
0,37062316,8,27,115
0,35021928,15,22,105
0,38886391,15,22,70
0,43626580,17,25,80
0,39693727,30,12,100
0,30340743,10,7,100
0,39276568,10,27,95
0,37871200,25,17,25
0,32374175,10,25,110
0,38907892,15,17,120
0,40426048,10,20,15
0,39194839,43,15,15
0,30470082,13,25,120
0,41148620,15,22,115
0,32133127,43,17,95
0,35018751,15,25,110
0,41741775,13,10,-5
0,40461003,15,17,100
0,30325713,10,10,60
0,31227430,5,22,105
0,39738790,13,12,95
0,41439348,16,12,115
0,37848585,8,22,120
0,30443965,17,27,105
0,33360942,25,25,20
0,35060835,8,7,110
0,31901980,1,7,75
0,39041873,25,25,-10
0,39641002,45,15,120
0,37038754,15,17,110
0,37828204,10,2,75
0,38894794,20,15,20
0,39165927,15,25,60
0,37623373,10,7,50
0,34355141,10,22,110
0,41591147,20,13,25
0,38016699,6,-3,65
0,39440561,20,10,15
0,37803581,10,27,105
0,32332178,10,17,120
0,41207174,10,12,120
0,42055136,30,2,50
0,32894403,10,22,115
0,39564000,10,12,75
0,41148649,10,-3,115
0,37516036,10,2,50
0,37830776,10,2,-10
0,37066298,6,7,105
0,34991566,15,12,115
0,36391423,15,22,105
0,34147572,13,17,120
0,35280899,0,7,70
0,30905582,20,25,60
0,36296552,11,10,105
0,39669405,30,35,5
0,35483542,13,22,105
0,35756224,15,7,105
0,34651711,17,30,90
0,40897594,11,2,90
0,42292726,17,25,35
0,39022305,38,15,55
0,34308819,8,22,120
0,39287364,35,10,-30
0,40018092,10,12,50
0,36858383,15,17,25
0,42200464,35,23,45
0,35263513,18,7,115
0,32935543,13,25,0
0,32935543,13,25,0
0,35180546,10,22,115
0,37828850,10,7,75
0,36266242,10,22,105
0,37465907,35,25,65
0,30670858,13,22,110
0,36695264,10,5,50
0,40724844,36,12,80
0,34230625,8,12,80
0,37637133,8,12,30
0,40889077,13,12,115
0,32342607,25,7,105
0,33810893,25,22,90
0,35751683,8,15,60
0,35727310,10,25,105
0,36643123,15,25,60
0,31537300,10,27,115
0,36325832,8,17,115
0,38662936,1,7,90
0,35935668,10,12,105
0,32915324,3,7,50
0,35296849,10,12,60
0,32020939,16,15,60
0,38791310,5,22,105
0,41237834,16,12,105
0,40421837,45,30,70
0,30755582,8,17,105
0,41342210,20,13,45
0,40487867,30,10,-45
0,35834056,8,17,95
0,36532627,25,10,20
0,38034446,15,7,-60
0,35914048,10,-3,55
0,33701813,13,25,65
0,39361244,8,22,80
0,32926231,8,18,65
0,41655957,10,13,60
0,34048643,18,22,105
0,35936301,10,22,50
0,43146875,43,20,20
0,37881238,5,-3,115
0,35143709,15,22,110
0,40481296,23,2,25
0,35748968,15,10,30
0,35835475,18,20,20
0,39242224,15,10,85
0,40992349,17,10,-40
0,37106959,22,7,35
0,34195064,33,20,60
0,34509461,8,22,110
0,35973783,15,22,115
0,39733206,50,17,80
0,41283709,18,15,30
0,37860238,8,17,100
0,39083039,35,15,55
0,36834711,15,12,110
0,36524283,10,18,30
0,34435655,10,22,90
0,37945454,11,12,85
0,35142827,10,17,120
0,35867128,8,22,120
0,39522098,25,22,65
0,36098103,8,22,105
0,34645479,8,12,105
0,41098178,28,22,90
0,34586343,10,7,85
0,38976171,15,12,60
0,36345210,8,22,110
0,40677497,10,-5,10
0,37240785,50,15,65
0,30737921,15,22,90
0,34080081,8,12,110
0,31437026,10,22,105
0,30985344,10,12,120
0,30985344,10,12,120
0,35776248,10,17,115
0,33423513,10,10,10
0,40727769,0,15,25
0,39565161,7,22,50
0,35823926,11,-3,120
0,34323438,25,5,45
0,41458836,8,-3,75
0,35142017,6,2,120
0,40712710,18,10,75
0,37826222,18,23,10
0,38951626,15,-3,90
0,33949349,12,22,55
0,37842675,30,12,95
0,37865880,15,22,110
0,35742538,10,12,115
0,33682397,10,12,120
0,38955566,10,2,120
0,40441619,8,22,70
0,39413584,0,27,100
0,30020733,12,12,105
0,32410637,10,17,120
0,30298277,30,22,60
0,41652084,8,3,35
0,41644170,20,25,-40
0,43984700,10,12,55
0,30486248,10,17,70
0,32593967,10,2,115
0,37219827,10,17,65
0,33803809,8,27,55
0,33742198,10,22,120
0,37832437,6,12,110
0,34742991,0,7,105
0,33560859,3,22,115
0,39982365,13,27,95
0,39501810,15,15,5
0,36651251,5,10,-20
0,36645528,0,12,115
0,37828453,10,10,45
0,40222563,8,22,75
0,35720601,10,22,115
0,34781102,13,12,90
0,34332638,5,22,80
0,32489792,5,22,110
0,33960948,17,12,85
0,41230063,10,12,105
0,34585837,11,2,-30
0,32401960,15,12,120
0,35412218,22,5,-100
0,34645169,20,7,75
0,35578909,8,22,120
0,40916808,16,22,115
0,33527954,10,12,95
0,41421797,3,25,55
0,39433085,40,12,55
0,36822763,13,2,115
0,31898264,8,22,125
0,36879329,20,-3,40
0,43806002,10,8,10
0,34103468,10,10,-15
0,43835550,15,7,40
0,32950516,8,7,110
0,33420395,15,2,75
0,41001955,25,15,70
0,37443295,15,2,120
0,39676644,11,22,95
0,32943550,10,2,120
0,37636598,8,-3,120
0,34023485,13,22,55
0,40897531,10,20,90
0,37332018,30,12,55
0,38591748,10,12,105
0,35976223,10,7,120
0,35715718,8,22,115
0,40902958,13,27,115
0,36429472,15,2,40
0,33751244,8,7,115
0,39060061,50,10,50
0,31587962,8,12,110
0,34501826,28,22,120
0,39138100,43,22,55
0,40623499,38,-5,-15
0,42063190,25,22,90
0,35935769,10,22,105
0,34312466,13,17,120
0,33967146,3,17,60
0,37867844,10,25,120
0,43078508,30,10,70
0,34194963,38,0,65
0,38147859,16,7,30
0,36090298,1,10,-30
0,35745904,10,12,115
0,41409007,-9,23,60
0,33617333,10,7,95
0,40857887,10,7,20
0,35783551,15,5,35
0,35262244,10,7,120
0,38709070,8,7,95
0,33687803,13,22,110
0,31811880,10,22,120
0,39261148,15,20,55
0,39061496,30,25,25
0,36615270,13,15,105
0,36686074,11,22,115
0,30727566,-2,27,120
0,35474214,13,22,105
0,39099990,23,12,75
0,32915906,30,25,55
0,39318341,10,10,-20
0,41095850,13,22,115
0,37870900,6,2,115
0,35775656,31,22,85
0,39135768,13,12,55
0,42113945,20,20,40
0,40178641,30,2,75
0,40678943,8,22,80
0,30943682,15,12,65
0,30943682,15,12,65
0,37514911,10,2,100
0,32515216,13,12,95
0,43987645,13,25,120
0,37467634,10,10,120
0,39489203,17,7,20
0,35748472,17,12,100
0,34669087,13,22,105
0,39214974,15,22,45
0,31992704,20,-3,85
0,40987088,3,22,105
0,41119286,38,27,100
0,37847676,15,22,110
0,40776987,10,10,0
0,33700566,10,17,25
0,36424032,22,23,-25
0,39147486,40,12,5
0,43764637,26,15,80
0,41446805,35,20,55
0,37898252,15,22,110
0,33721446,8,17,105
0,32895701,3,22,110
0,32895701,3,22,110
0,40689284,16,17,65
0,34185561,40,22,120
0,39986400,20,15,-20
0,34126458,45,12,75
0,39426204,23,18,-10
0,37032692,10,10,-10
0,35514428,8,2,50
0,32930234,10,10,45
0,41736146,1,7,85
0,32912203,18,22,110
0,37147420,15,22,115
0,36143309,10,12,110
0,36350255,10,22,110
0,30713583,13,22,120
0,37157542,16,22,95
0,30794334,13,12,105
0,41325613,8,-3,115
0,33658338,13,22,105
0,37885646,10,15,25
0,32901488,10,17,115
0,38946568,28,15,55
0,33534131,5,7,110
0,34989082,10,12,50
0,36835086,10,12,20
0,32575641,37,7,50
0,40413809,41,22,40
0,40888795,6,7,25
0,39262483,16,12,110
0,41260087,10,20,35
0,40774693,8,17,-5
0,38419535,-10,15,-35
0,37574898,20,17,115
0,34500830,10,2,50
0,40585612,53,10,95
0,32890562,38,28,-30
0,31571071,8,22,110
0,32207346,10,22,110
0,40437807,30,17,110
0,37863257,10,-3,40
0,40977338,17,15,65
0,37791798,15,10,95
0,41044592,8,22,110
0,35785085,10,7,115
0,40996607,25,22,55
0,31994375,8,12,75
0,36274681,13,17,50
0,39028355,26,20,-10
0,37974214,15,22,110
0,32483804,15,12,105
0,41516757,30,7,105
0,34288195,8,25,55
0,34598623,13,22,115
0,41444077,30,20,65
0,37977974,5,15,0
0,33591075,10,10,90
0,40355022,6,13,25
0,33787807,8,17,90
0,35059795,17,22,95
0,36851387,10,17,85
0,36414474,13,3,50
0,31723010,13,12,115
0,37269358,40,12,35
0,35162459,23,22,105
0,38902234,10,20,55
0,36500197,8,3,45
0,35930100,5,12,120
0,40146692,10,10,50
0,41270693,30,22,75
0,37212658,10,12,50
0,35373186,15,27,110
0,34412979,20,20,0
0,36820747,20,12,70
0,39338991,35,28,55
0,37512694,15,12,100
0,39492374,20,27,110
0,30967949,3,22,105
0,30967949,3,22,105
0,32474539,10,12,115
0,37633605,17,-8,-55
0,35434815,15,22,105
0,32915890,8,22,105
0,34989448,13,12,110
0,31472770,50,27,110
0,41283197,8,12,110
0,39566196,15,-3,115
0,41104265,40,12,0
0,30854030,8,22,120
0,35225238,8,-3,0
0,33712518,10,17,120
0,43577889,10,15,-10
0,41104107,18,27,95
0,40896463,7,7,55
0,39348355,13,22,70
0,35244060,10,12,90
0,43622983,15,10,20
0,39693457,55,10,35
0,34360225,10,17,105
0,34311391,8,22,120
0,30216501,8,22,95
0,39352963,15,22,110
0,30449198,10,12,55
0,38498189,11,25,30
0,37848741,10,12,120
0,40153098,11,2,-10
0,39107927,20,10,65
0,33453743,10,7,120
0,35892030,10,22,120
0,33571995,43,27,110
0,39570063,5,15,120
0,33665112,-5,22,110
0,32485494,15,17,110
0,37857312,16,7,-30
0,38552903,15,7,100
0,43514886,5,17,50
0,40977736,18,7,120
0,37191517,28,12,45
0,41404180,10,25,-5
0,41679023,17,0,-20
0,37860672,13,7,120
0,39278804,38,27,95
0,33564897,20,7,60
0,43643108,13,10,115
0,40411418,30,12,95
0,35929024,15,12,105
0,40407432,20,25,95
0,40917239,10,12,110
0,31493522,10,12,110
0,39114311,11,12,80
0,37611700,15,27,105
0,37050848,5,22,105
0,34492247,3,22,115
0,33980057,10,22,95
0,39493526,5,7,110
0,33826084,6,5,5
0,33458362,10,17,120
0,31608918,40,20,50
0,34324224,8,12,115
0,41422080,13,7,40
0,37865103,10,17,25
0,37495800,31,22,105
0,40965462,6,27,110
0,33628907,8,17,105
0,37269752,25,22,105
0,40085142,10,22,80
0,40281027,15,17,55
0,30250721,3,12,110
0,35760574,20,12,65
0,35308749,8,22,60
0,41089724,17,15,115
0,36033453,15,22,115
0,39769218,10,3,-25
0,39147506,45,22,105
0,34308560,20,12,85
0,33647295,8,12,105
0,40554937,0,12,75
0,31007622,-2,22,110
0,35263703,13,22,115
0,37225540,13,7,105
0,36169364,5,12,90
0,39414834,40,22,105
0,33550275,8,17,115
0,34307166,10,22,115
0,35187042,10,10,75
0,34087251,3,12,115
0,39550957,20,22,105
0,41159166,10,22,0
0,36554624,15,12,60
0,41389611,10,22,100
0,39748837,17,2,60
0,33668008,10,7,65
0,36682827,10,17,25
0,37266719,20,27,100
0,31495850,7,12,65
0,36260563,50,20,70
0,39738357,15,25,40
0,35015339,11,2,40
0,36574322,6,7,85
0,33778414,16,25,75
0,31547702,10,12,0
0,37865835,5,7,-30
0,34927843,30,22,110
0,37866017,11,12,95
0,36451516,32,22,95
0,35560255,10,22,115
0,43786289,10,5,45
0,38874739,10,3,70
0,41111713,15,22,105
0,41204965,11,25,-55
0,38792552,8,2,120
0,36822381,15,12,5
0,39455401,6,7,80
0,43617464,6,20,40
0,34403551,5,7,120
0,33754427,10,22,85
0,37188484,10,12,105
0,32930505,8,22,110
0,39650666,40,15,35
0,37356239,35,22,110
0,37857495,20,10,110
0,39163310,40,20,55
0,31889797,12,15,45
0,37888905,15,22,105
0,35550613,13,27,100
0,30484184,15,22,110
0,41041863,32,25,65
0,35267611,13,12,110
0,33954269,13,22,120
0,41088907,10,17,90
0,39439147,20,22,105
0,41066652,15,12,70
0,35835602,10,17,115
0,37496742,35,2,55
0,43814610,10,20,45
0,40416600,33,12,65
0,41159740,20,10,-10
0,41834461,1,2,10
0,34131526,8,22,110
0,37115965,18,22,115
0,33797271,35,20,65
0,34834791,6,15,80
0,32512418,8,7,70
0,37981761,10,18,40
0,36389995,38,12,110
0,41493937,20,30,65
0,32085270,15,25,65
0,41437976,0,22,105
0,39415153,28,7,115
0,34112707,20,22,15
0,38772978,15,7,90
0,34426629,35,8,35
0,41068857,0,10,90
0,40937927,6,10,0
0,37897791,10,7,-5
0,37157837,18,12,110
0,36299282,26,25,105
0,39598943,15,12,30
0,33935470,10,22,80
0,33972776,35,22,95
0,39018074,25,25,-55
0,41688393,35,12,95
0,37848653,17,22,115
0,41348688,15,17,65
0,40992061,35,22,50
0,36675843,13,22,105
0,35935854,20,7,105
0,34035117,15,15,50
0,38942932,20,22,85
0,37826854,10,22,65
0,41957140,15,-3,80
0,35786167,15,22,115
0,35785988,15,22,75
0,34148429,10,20,-70
0,39194484,40,28,-40
0,35914840,15,2,95
0,34991181,16,2,40
0,40435910,15,18,-50
0,35834247,10,12,105
0,38504761,11,7,115
0,35852724,20,22,100
0,32520982,10,22,95
0,33791790,8,22,105
0,37838558,31,20,10
0,39436658,25,22,105
0,35751889,10,12,120
0,39136174,35,30,55
0,32844246,47,5,5
0,36691699,6,7,95
0,34367543,15,2,60
0,40783560,26,22,100
0,34603298,0,12,115
0,37897522,15,27,120
0,39118162,25,37,45
0,35994382,28,12,50
0,41536075,8,-5,30
0,40218594,21,10,15
0,30858228,18,12,95
0,36576455,10,7,55
0,33710299,13,22,105
0,34345131,8,22,120
0,32943690,30,17,115
0,39048124,13,22,110
0,35811069,10,7,85
0,34567208,8,22,95
0,41297954,27,20,-30
0,35434022,15,12,115
0,37829269,6,17,40
0,34106437,15,20,10
0,34185601,15,22,40
0,30933660,15,22,90
0,43850426,21,7,10
0,41309520,20,12,90
0,43863072,15,10,85
0,34558059,15,12,10
0,37829108,16,7,50
0,34768435,10,27,115
0,37613981,8,20,75
0,36377435,15,22,115
0,33433714,0,10,60
0,31008701,10,22,105
0,32959577,10,7,120
0,32898247,15,17,110
0,37044236,10,22,105
0,37639812,15,7,115
0,30479417,50,17,0
0,40453017,10,17,110
0,35852407,10,12,55
0,39697450,25,10,15
0,34566232,3,7,105
0,35776353,5,2,95
0,33650186,13,22,120
0,32282279,50,23,45
0,35690233,15,22,115
0,32423434,8,22,110
0,30807306,8,22,115
0,35579078,10,7,70
0,35018081,15,10,120
0,36926414,45,22,115
0,38815224,11,-3,120
0,30633444,11,22,115
0,35162402,8,22,120
0,38034491,18,2,55
0,35514457,53,22,40
0,32915828,10,12,100
0,37497114,48,17,100
0,35578747,8,12,115
0,30332795,15,7,110
0,30880526,12,27,80
0,41410403,15,10,5
0,32939999,10,25,5
0,37463619,45,20,85
0,30842444,15,7,110
0,41249434,28,12,90
0,40859872,24,-3,-10
0,40901207,26,17,20
0,37890457,15,7,75
0,40438005,10,17,70
0,36924254,10,15,70
0,40699737,10,12,15
0,34067980,5,22,110
0,34067980,5,22,110
0,37623617,6,7,90
0,34256125,8,-5,20
0,33548050,10,22,115
0,36896851,10,17,70
0,40411025,35,12,105
0,40552317,20,7,80
0,35819081,8,12,120
0,34111674,22,25,5
0,35605215,15,17,30
0,40380642,10,17,105
0,41081143,20,17,35
0,38906600,10,15,55
0,36544237,13,10,75
0,37127707,18,-3,100
0,39145055,11,22,105
0,32945583,32,-15,-40
0,32484618,13,12,95
0,32484618,13,12,95
0,34350991,8,12,115
0,43094177,15,22,0
0,34152761,8,22,110
0,37862948,15,12,115
0,40655692,10,15,0
0,37884159,5,25,70
0,34676911,11,12,120
0,34392880,12,2,-10
0,32959498,30,22,75
0,40672178,16,12,105
0,33986710,8,15,75
0,35202178,15,22,115
0,31989488,8,22,120
0,43137493,8,0,20
0,33538420,40,22,115
0,35511209,38,27,50
0,35773119,15,12,105
0,32457453,10,17,70
0,36641947,22,5,20
0,39596808,20,12,105
0,35113478,15,22,105
0,35976536,10,27,95
0,37632814,15,7,75
0,30228493,15,10,55
0,34703532,25,12,95
0,31831003,10,2,55
0,41236224,15,0,115
0,32914490,8,12,-20
0,39070485,35,25,50
0,32557064,18,27,95
0,30577361,10,22,120
0,35122197,13,-3,115
0,40485467,5,15,-15
0,30577205,15,22,65
0,35861507,7,-3,110
0,35261763,8,20,70
0,36922414,15,12,10
0,34271529,5,17,85
0,35776136,15,22,95
0,38425238,15,27,120
0,37627507,15,-3,65
0,39697446,17,-3,35
0,39590477,15,12,115
0,33404347,13,17,115
0,37927099,28,25,65
0,30878875,18,22,90
0,32959583,37,27,60
0,34026868,10,17,110
0,33786532,33,17,120
0,34173270,8,7,110
0,40915220,3,12,120
0,32934024,8,20,70
0,36568960,10,22,110
0,39093160,15,2,-50
0,37892004,10,-3,115
0,41478606,5,10,45
0,32905256,27,2,25
0,41044571,8,12,110
0,39036873,10,13,-20
0,32911441,-2,17,70
0,40112085,30,22,90
0,31905083,10,20,0
0,30724348,8,2,115
0,39204169,12,17,-25
0,33962375,13,22,120
0,34075108,15,-3,110
0,36948843,20,12,35
0,32890566,8,17,115
0,37631681,15,15,55
0,39338944,35,2,50
0,32915838,12,15,40
0,37861677,15,17,115
0,37635902,17,12,95
0,41107957,25,25,60
0,36645381,5,22,120
0,33858795,8,12,120
0,36283392,15,2,10
0,38010958,10,2,65
0,34362059,8,17,105
0,40177780,5,15,105
0,37968650,10,12,115
0,41271449,0,15,55
0,37891240,10,12,100
0,43151099,27,5,35
0,35187219,15,22,115
0,43821499,16,2,75
0,38723407,8,30,80
0,34005114,16,22,115
0,35113438,15,12,110
0,37998389,44,15,-20
0,34002757,10,12,115
0,32912715,43,28,5
0,41947829,15,7,100
0,39426888,43,25,55
0,43615809,8,20,60
0,37046932,10,5,-35
0,30122732,8,18,45
0,38879557,30,15,-35
0,32915701,10,22,120
0,40950835,20,7,95
0,30919718,15,12,100
0,36474817,40,0,-40
0,39627948,31,25,130
0,37687306,7,10,55
0,35812011,13,2,110
0,38149879,10,7,25
0,38930989,33,22,105
0,38209644,15,27,115
0,35625902,33,22,115
0,40242352,10,10,-20
0,33457632,28,20,75
0,43804738,10,12,110
0,32934092,10,12,60
0,30414251,25,2,25
0,37870108,8,22,120
0,39458049,3,17,110
0,32486384,13,15,-5
0,39493618,10,-3,115
0,33669776,10,27,105
0,39918076,21,22,95
0,43117115,6,10,35
0,37887763,21,15,80
0,35160736,10,7,120
0,35060685,15,2,110
0,33520163,10,20,-5
0,35240897,16,7,75
0,37914219,28,22,100
0,40646853,15,33,40
0,41631757,13,7,120
0,40583493,5,7,0
0,32936759,18,8,20
0,34086083,18,12,65
0,43599529,11,7,85
0,39589248,5,-3,90
0,37208532,15,22,105
0,37173769,6,0,-10
0,39262397,0,12,105
0,39263630,25,27,45
0,40845274,38,20,55
0,39409070,35,15,55
0,39409070,35,15,55
0,37732598,5,7,60
0,37889351,23,22,50
0,35186931,10,-3,120
0,33900643,15,15,70
0,33647203,11,22,105
0,39252896,15,22,115
0,31502381,10,20,10
0,32174079,8,12,120
0,34214601,13,10,-5
0,36503660,10,22,95
0,35890438,10,15,-30
0,36432994,11,0,-90
0,37306412,31,20,55
0,34134625,10,17,110
0,39577410,10,2,110
0,34867903,1,2,120
0,41260913,1,12,95
0,36467138,17,7,110
0,40902083,15,12,100
0,39350617,30,7,55
0,36350667,15,12,75
0,35782562,8,7,95
0,32164060,10,25,115
0,30872789,8,7,120
0,32911466,10,22,65
0,32935460,8,17,75
0,35117374,20,12,65
0,36471369,8,2,115
0,39318733,30,27,50
0,31572492,13,12,120
0,37852202,17,12,70
0,30404119,45,12,100
0,35874702,15,12,75
0,35274355,10,2,115
0,35293624,13,-3,120
0,41187496,12,7,75
0,40996635,41,22,115
0,41077619,1,22,60
0,34445667,8,2,120
0,40542219,15,17,45
0,33128813,10,13,55
0,32476257,8,17,90
0,41348109,21,15,0
0,39443962,3,12,115
0,30699966,10,12,115
0,34991370,10,25,115
0,31847224,13,27,105
0,40999015,8,12,120
0,32553715,8,22,110
0,32553715,8,22,110
0,40902027,13,22,110
0,35814986,10,7,100
0,33690366,12,12,120
0,32444957,10,12,85
0,36836819,15,12,100
0,42015124,10,18,50
0,35184723,13,12,95
0,39565399,12,-3,105
0,35748898,13,22,120
0,31502807,17,12,55
0,30027105,20,7,90
0,36352814,13,22,110
0,32339980,15,22,105
0,30328094,22,17,85
0,30741482,15,17,95
0,33599727,45,28,40
0,34449461,10,22,115
0,40193953,11,22,35
0,32927582,12,20,90
0,41282245,48,12,110
0,40199934,10,22,5
0,37845291,10,-8,80
0,40275092,22,2,115
0,39064601,15,27,100
0,32061814,8,12,110
0,41104106,18,17,115
0,41093334,13,12,120
0,33680731,12,10,85
0,41096481,15,12,65
0,35228836,5,12,95
0,40861565,40,2,50
0,34426115,20,2,60
0,34339608,8,27,110
0,38928915,8,10,-65
0,40435533,13,15,60
0,43812087,10,7,60
0,42040762,15,12,75
0,34146314,16,22,120
0,35585026,31,12,115
0,32480296,20,17,70
0,39597022,10,7,35
0,35079773,31,17,-20
0,34402743,11,12,105
0,43549158,11,12,40
0,41280691,10,7,35
0,37895551,15,12,105
0,39567303,10,12,-25
0,39427416,45,10,15
0,31805258,10,22,125
0,33588869,10,12,75
0,36962877,25,20,60
0,37893364,10,7,120
0,35757494,15,27,115
0,35976581,0,-3,120
0,34199712,20,7,30
0,38557013,15,17,55
0,34358301,10,17,120
0,36670616,10,30,45
0,35802593,5,22,130
0,43041161,5,22,105
0,38370676,10,23,80
0,40387334,10,7,110
0,39705051,42,15,50
0,35758743,10,12,115
0,37629525,5,22,90
0,34166579,0,12,110
0,41463748,15,20,20
0,34402774,10,20,110
0,35142763,10,25,100
0,39511413,10,15,-40
0,30422088,8,12,55
0,37831135,5,22,115
0,40416754,15,20,45
0,30685230,15,7,120
0,40954091,7,17,25
0,39126171,23,22,115
0,39165501,40,22,45
0,32932269,10,17,115
0,41448254,28,7,60
0,37443805,35,22,70
0,35682136,10,7,45
0,31027982,28,17,105
0,39439143,60,23,45
0,35186999,15,27,40
0,40176183,5,15,70
0,40835064,15,12,110
0,34147157,16,12,115
0,42195998,40,22,110
0,32945376,8,5,-55
0,36802196,10,2,120
0,43114055,11,2,95
0,36717272,13,22,115
0,37511067,0,12,115
0,35187191,15,22,110
0,33797127,10,-3,120
0,37559512,28,22,60
0,40669372,10,15,40
0,41558444,43,5,0
0,37941330,8,7,-5
0,36403365,6,20,90
0,35160671,7,12,40
0,32119889,10,22,120
0,39764655,0,2,50
0,33739599,42,10,0
0,37830221,1,7,-40
0,33799331,50,17,75
0,34216110,10,7,120
0,32477917,10,12,105
0,30889484,10,17,95
0,37941347,8,27,110
0,32939510,12,20,85
0,32476514,32,27,60
0,30734142,15,22,120
0,34725126,3,10,20
0,36951274,15,13,50
0,34818212,11,15,115
0,40727415,10,12,60
0,39186577,13,33,-5
0,32963289,43,20,30
0,32963289,23,20,30
0,30381487,10,22,115
0,30381487,10,22,115
0,34450266,10,5,-20
0,36133695,10,18,0
0,39460705,28,27,110
0,33981349,8,17,95
0,33627540,40,22,80
0,35562816,8,22,110
0,30884775,8,22,115
0,39456899,25,12,45
0,31994689,8,22,110
0,37202818,10,15,60
0,37130133,10,22,115
0,31573427,20,17,115
0,38930054,41,12,115
0,37974536,1,7,60
0,39337700,6,18,0
0,33561054,11,17,110
0,34850981,13,20,35
0,40272812,25,30,15
0,30820357,15,7,35
0,32142419,16,12,115
0,30650266,8,17,105
0,35089522,17,2,85
0,34430651,17,7,65
0,33910541,10,22,105
0,39670032,20,22,0
0,43639193,10,20,15
0,37366250,45,22,70
0,38894279,15,22,120
0,30961016,8,22,115
0,37637354,3,17,110
0,34632679,5,7,45
0,33681487,10,20,100
0,37822947,10,13,-50
0,30862810,45,20,40
0,34034038,25,22,110
0,39252820,13,20,5
0,38321112,20,7,110
0,41015051,15,2,110
0,36320566,13,22,105
0,38590608,45,22,105
0,32398597,8,22,120
0,35975873,10,7,115
0,37895645,20,12,105
0,32420497,8,25,55
0,34599432,28,17,110
0,40066534,15,17,65
0,37469623,10,7,110
0,32213562,40,10,-60
0,43734241,20,15,35
0,35690298,10,7,70
0,32887867,15,17,40
0,37555956,10,10,35
0,39544819,8,-5,-20
0,37852840,5,2,50
0,40789252,10,12,105
0,39598092,15,2,75
0,39425499,35,30,35
0,33534191,0,12,110
0,34406796,8,10,55
0,32915100,8,25,55
0,32503323,15,22,115
0,31873794,28,27,120
0,40441834,10,7,110
0,39156426,40,22,90
0,37828028,10,22,120
0,43846768,25,7,60
0,31569613,10,17,105
0,41430673,1,-3,105
0,38955783,15,15,45
0,35219039,15,22,100
0,37867685,10,22,115
0,37866287,15,17,105
0,31531288,3,25,110
0,36925688,35,15,25
0,40998845,18,22,110
0,35836020,12,7,60
0,39432915,28,22,50
0,37074930,10,22,110
0,38154668,28,17,80
0,33592968,10,22,5
0,35264267,15,7,120
0,41459242,10,22,90
0,43481187,15,25,90
0,43846186,30,10,55
0,33948199,33,-2,-35
0,39430756,52,10,15
0,35344124,15,12,70
0,30977471,18,7,90
0,35928359,17,15,65
0,30289657,12,22,95
0,30409964,8,22,115
0,41003720,18,12,105
0,36596114,15,0,115
0,34320559,10,22,120
0,31796502,8,15,50
0,39521049,16,22,120
0,35055162,8,22,120
0,37621330,15,-3,80
0,32512691,30,10,45
0,40276961,5,22,110
0,34603352,15,22,95
0,35420352,10,12,105
0,35754947,13,2,110
0,37638818,3,22,115
0,35387403,15,20,30
0,39443866,15,12,120
0,36350666,10,7,105
0,31620935,10,22,105
0,30680031,40,38,35
0,30816580,10,22,115
0,37176614,20,20,120
0,34198309,25,-8,-100
0,36645155,30,22,115
0,37850554,15,12,70
0,37871407,13,22,110
0,35975191,8,22,85
0,34039166,15,22,120
0,35759533,13,22,105
0,36297689,36,22,40
0,37120728,45,20,-5
0,34366848,8,17,110
0,42296828,50,22,95
0,37994849,1,2,85
0,41530035,15,12,-15
0,43845287,27,17,70
0,39555196,5,7,115
0,41097165,45,15,5
0,35978026,0,25,105
0,41105566,35,22,105
0,38371927,10,22,115
0,36600782,15,22,105
0,40902401,0,7,120
0,35030254,15,7,115
0,31975352,8,2,115
0,40498916,33,7,105
0,35535730,20,7,-10
0,32925756,8,22,95
0,36021120,10,20,95
0,36968102,8,12,115
0,37547965,15,5,55
0,40664015,28,5,5
0,34990979,1,2,110
0,34279744,13,7,105
0,35144201,15,7,110
0,33840794,45,22,120
0,33854519,8,20,55
0,36017603,15,22,95
0,35187194,10,22,115
0,40692177,11,2,75
0,35834382,0,22,110
0,30390006,10,22,105
0,33724747,10,17,95
0,35113752,1,22,110
0,39302970,33,7,65
0,40978466,23,12,55
0,32515921,8,22,75
0,34587441,10,12,95
0,30754250,15,25,115
0,41294378,5,25,-15
0,37890788,15,-3,120
0,40270638,27,25,55
0,34352726,8,25,90
0,37980724,1,7,75
0,40089574,30,12,105
0,30028938,13,10,45
0,39358269,16,22,110
0,37987625,11,10,20
0,35280984,10,7,120
0,40171620,18,10,55
0,34137375,11,22,115
0,42101546,1,10,45
0,35884491,12,17,55
0,35727973,15,12,115
0,35853810,22,15,115
0,35184980,11,-3,120
0,36600966,10,7,120
0,33628178,0,17,110
0,37639215,10,22,115
0,41724925,35,22,115
0,41160921,31,23,30
0,43121968,10,7,110
0,30800562,20,7,60
0,32893548,8,2,110
0,33681162,13,22,95
0,37721008,25,22,45
0,39300443,25,20,70
0,43481291,5,10,-15
0,41108297,38,25,115
0,37898159,16,22,110
0,41827539,10,12,105
0,30393333,12,12,40
0,33484957,10,12,110
0,35776221,1,2,120
0,34320030,8,12,105
0,41017864,10,22,105
0,35418039,10,27,105
0,40902165,20,7,-20
0,33554225,3,22,120
0,41287085,5,25,90
0,33475025,10,17,90
0,34080677,10,-3,115
0,35089974,13,17,115
0,36669841,10,10,80
0,38376257,20,2,15
0,43122009,15,12,80
0,32382979,8,22,120
0,39479195,10,10,30
0,37914499,18,25,55
0,41152588,5,-3,80
0,35820693,10,15,65
0,34374377,20,7,65
0,42364898,6,15,40
0,37863110,10,7,90
0,32176987,8,22,115
0,41654917,15,20,35
0,40702963,10,22,50
0,36740119,20,2,25
0,40429306,15,12,115
0,37623629,15,22,105
0,43975737,15,12,10
0,39061297,40,22,95
0,34160513,8,27,120
0,39201685,48,25,-35
0,43903553,21,7,70
0,35876921,15,20,50
0,30387647,15,22,120
0,40273493,35,15,30
0,35515751,20,12,60
0,42306447,27,23,-10
0,37372776,15,25,75
0,36792735,26,17,110
0,41896638,13,22,120
0,37632367,13,2,95
0,37844326,6,22,80
0,35620137,8,2,80
0,40439449,25,2,105
0,40977393,15,-3,70
0,41159217,13,12,105
0,43994423,10,23,5
0,37821286,10,15,70
0,39438440,45,22,110
0,36607189,5,-3,115
0,32287200,8,23,80
0,37717537,6,12,25
0,35089241,11,12,115
0,30425615,10,22,110
0,32247691,28,-5,25
0,31997863,10,12,115
0,31237848,10,22,115
0,34152180,50,7,85
0,37607820,15,12,115
0,32965075,0,22,95
0,33961328,30,22,115
0,36182899,10,17,105
0,41713323,1,22,55
0,30847064,8,17,100
0,40282668,25,17,115
0,40484515,35,12,55
0,30266596,10,2,110
0,30266596,10,2,110
0,35520417,15,20,110
0,36995429,5,15,40
0,31001604,13,12,120
0,31618097,47,5,70
0,37478244,20,22,90
0,38927549,26,27,110
0,31739613,40,7,120
0,30950808,25,5,95
0,33952054,5,25,40
0,38477199,6,2,-10
0,34147136,8,20,45
0,36055828,13,2,85
0,32043991,10,7,110
0,40782853,6,2,95
0,38289682,43,22,120
0,34024322,15,7,35
0,35891877,10,22,110
0,36668995,3,22,105
0,41956915,10,5,-40
0,33427375,8,12,115
0,37736259,15,22,105
0,37856699,21,25,-5
0,39683994,25,25,55
0,43821122,15,12,-25
0,41379079,15,-3,110
0,36957714,10,22,105
0,33990682,8,17,110
0,43109171,10,7,40
0,35934932,10,27,105
0,34949425,17,5,-20
0,40821097,8,10,20
0,35015739,15,7,105
0,36452254,20,22,115
0,37275381,8,22,90
0,39010254,13,22,110
0,35757891,10,-8,105
0,37831517,11,22,110
0,37531033,10,7,95
0,38990419,10,7,90
0,37413566,17,23,-25
0,34238584,5,12,40
0,40151770,0,10,5
0,43849445,21,7,55
0,37864845,10,2,-20
0,40408612,20,12,105
0,33646249,10,2,120
0,30618760,10,-3,115
0,41117649,33,12,95
0,35407925,16,22,115
0,41325837,0,12,95
0,41575443,15,12,95
0,37855539,10,2,80
0,40999347,33,17,55
0,34194961,35,32,55
0,33507775,13,12,110
0,36952587,10,22,65
0,40436611,10,17,50
0,37352708,20,7,110
0,35755569,20,12,100
0,37231199,15,10,30
0,33914386,10,15,40
0,34351803,8,22,95
0,34004079,33,12,110
0,39409215,40,27,95
0,36857556,15,28,-5
0,39260225,13,7,15
0,32541794,5,22,115
0,32549847,10,17,85
0,39106133,35,7,115
0,33976860,16,25,35
0,39036700,12,20,100
0,34480283,8,22,115
0,43779367,10,15,15
0,39147989,10,17,45
0,32048757,28,22,105
0,32234525,10,7,25
0,38576047,8,15,25
0,41425234,38,7,-20
0,41380351,3,12,120
0,35219148,10,15,90
0,30771757,28,7,90
0,35218969,10,7,105
0,35042298,15,27,110
0,32362720,10,22,95
0,32362720,10,22,95
0,30808270,30,22,115
0,33851257,15,17,65
0,41132946,38,22,55
0,39598042,7,7,100
0,30398041,15,10,25
0,34193960,10,12,105
0,35776816,10,7,80
0,37131378,30,25,-30
0,41264301,15,20,55
0,37138131,15,17,45
0,40085479,10,10,115
0,39429232,30,12,120
0,30694768,30,2,110
0,40586419,15,12,90
0,34147352,15,12,70
0,35113592,15,22,65
0,37839677,15,20,105
0,35605220,15,7,100
0,33445312,23,35,40
0,34186706,11,-3,30
0,39578469,15,22,105
0,35851056,10,22,105
0,35835829,15,22,105
0,37820913,35,17,105
0,30878607,15,27,115
0,40888503,5,12,55
0,38081789,15,22,105
0,35863364,20,12,75
0,32040319,8,17,110
0,35974483,8,22,45
0,42268306,15,25,65
0,40998832,35,12,105
0,43098563,20,27,105
0,35292840,5,22,80
0,41349512,15,22,105
0,37269356,25,22,115
0,37514876,10,17,90
0,34201023,30,17,105
0,30936358,8,22,110
0,33743005,10,22,95
0,38558516,10,22,95
0,39437023,23,25,55
0,41004020,15,12,115
0,32964871,10,25,115
0,41573545,15,-5,55
0,33829145,31,7,15
0,41461654,15,13,-80
0,32454929,20,12,120
0,36836837,6,12,85
0,34544349,6,15,75
0,36749717,10,7,10
0,40950878,10,0,-45
0,35929139,10,22,115
0,35557034,13,22,115
0,39380485,5,12,110
0,39755572,6,5,5
0,32211857,8,22,110
0,40806232,8,10,-35
0,41103483,-5,22,115
0,32945476,8,12,105
0,34009561,12,2,75
0,33782538,40,15,55
0,34386573,5,17,75
0,36041900,8,12,115
0,40845897,16,2,110
0,37863170,15,22,115
0,41104111,28,22,85
0,34078177,16,22,115
0,32512335,8,12,105
0,39155933,30,15,100
0,37114482,36,28,25
0,40498230,7,20,25
0,33410894,0,22,110
0,38614204,11,15,-10
0,35781943,13,22,105
0,37854896,-2,12,50
0,33564678,13,12,120
0,31836193,5,15,105
0,37515982,20,22,100
0,39041849,13,22,105
0,30680450,10,17,105
0,35618647,13,12,105
0,30742415,8,22,105
0,37848569,35,25,50
0,38025217,10,12,115
0,39422503,1,22,85
0,40778671,20,10,-35
0,34345788,18,22,90
0,40433628,18,22,120
0,40753885,26,7,65
0,33709785,50,22,100
0,39662165,45,-10,25
0,32927894,8,7,100
0,34293164,17,22,105
0,35910200,20,10,120
0,34993121,25,7,70
0,32550450,13,17,110
0,32602461,10,12,115
0,32150814,11,22,75
0,37631118,35,7,75
0,35936563,15,22,105
0,41095216,16,12,115
0,35018753,15,23,0
0,41103612,25,17,75
0,41448052,20,20,75
0,35117573,5,12,120
0,33533573,30,0,75
0,39496917,15,15,-65
0,40778527,20,17,80
0,35797444,15,22,110
0,35797444,15,22,110
0,35492235,15,7,80
0,40669767,10,22,20
0,41117676,41,22,75
0,35117415,5,-3,55
0,37479915,15,-3,100
0,33799262,38,30,65
0,35745915,10,7,115
0,44005885,3,12,60
0,40895823,13,22,110
0,40629486,25,7,100
0,31875559,27,20,75
0,40792017,10,2,80
0,40902988,25,12,85
0,40270683,20,10,-35
0,40563428,18,25,60
0,39536798,25,17,25
0,41099007,7,17,90
0,37621184,10,22,110
0,37649409,20,7,110
0,33847342,8,12,120
0,35728232,13,12,110
0,35936583,20,15,70
0,38881097,5,12,115
0,40450896,8,12,115
0,37717705,13,22,120
0,40990708,30,12,120
0,36343220,10,7,85
0,34598866,16,22,115
0,35739767,13,22,110
0,41415217,10,22,85
0,33457836,23,7,-55
0,40097700,11,22,115
0,32910740,15,17,110
0,39432667,30,27,95
0,36822694,13,22,120
0,32915923,15,22,80
0,33846413,30,2,35
0,39135782,35,12,50
0,37694650,21,7,35
0,34390283,16,22,105
0,39179399,6,12,65
0,36639744,13,17,105
0,43917644,5,15,-20
0,37721269,28,12,120
0,41106643,43,35,40
0,34672737,13,17,110
0,40273534,45,12,95
0,37605377,10,17,55
0,33580254,40,10,-25
0,37829191,10,22,75
0,33744173,10,22,105
0,40458306,20,2,55
0,39123321,50,22,-15
0,35789400,15,12,105
0,41096509,40,30,25
0,38034439,10,25,55
0,37628425,15,22,55
0,34901363,15,-3,120
0,39698974,20,22,55
0,36431776,8,7,110
0,41127055,33,25,105
0,34269912,8,10,-10
0,35748494,15,17,115
0,39705972,20,2,10
0,39954627,15,0,105
0,38230327,33,22,105
0,33833949,40,10,-35
0,37829650,10,7,110
0,37194204,10,7,50
0,40626381,30,22,105
0,32234640,8,22,105
0,37515732,5,-3,120
0,34316143,8,20,110
0,38791319,5,15,-10
0,30382691,15,22,110
0,37013859,8,12,120
0,34093865,10,10,-50
0,34222888,8,-3,120
0,40954850,15,27,105
0,36875934,10,7,105
0,35274440,10,10,105
0,41101495,32,15,-35
0,36810252,21,12,55
0,36685784,11,22,105
0,41348357,25,22,85
0,41869674,22,18,-25
0,32915957,10,15,35
0,36924805,8,22,90
0,33782295,25,12,105
